,Rk,Player,Tm,2021-22,2022-23,2023-24,2024-25,2025-26,2026-27,Signed Using,Guaranteed,Link
0,1,Stephen Curry,GSW,"$45,780,966","$48,070,014","$51,915,615","$55,761,216","$59,606,817",,Bird Rights,"$261,134,628",https://www.basketball-reference.com/players/c/curryst01.html
1,2,John Wall,HOU,"$44,310,840","$47,366,760",,,,,Bird Rights,"$44,310,840",https://www.basketball-reference.com/players/w/walljo01.html
2,3,Russell Westbrook,LAL,"$44,211,146","$47,063,478",,,,,Bird Rights,"$44,211,146",https://www.basketball-reference.com/players/w/westbru01.html
3,4,James Harden,PHI,"$43,848,000","$46,872,000",,,,,Bird Rights,"$43,848,000",https://www.basketball-reference.com/players/h/hardeja01.html
4,5,LeBron James,LAL,"$41,180,544","$44,474,988",,,,,Bird,"$85,655,532",https://www.basketball-reference.com/players/j/jamesle01.html
5,6,Kevin Durant,BRK,"$40,918,900","$42,969,845","$42,969,845","$49,856,021","$53,282,609",,Sign and Trade,"$229,997,220",https://www.basketball-reference.com/players/d/duranke01.html
6,7,Giannis Antetokounmpo,MIL,"$39,344,970","$42,492,568","$45,640,165","$48,787,763","$51,935,360",,Bird,"$176,265,466",https://www.basketball-reference.com/players/a/antetgi01.html
7,8,Paul George,LAC,"$39,344,970","$42,492,568","$45,640,165","$48,787,763",,,Bird,"$127,477,703",https://www.basketball-reference.com/players/g/georgpa01.html
8,9,Damian Lillard,POR,"$39,344,900","$42,492,492","$45,640,084","$48,787,676",,,1st Round Pick,"$176,265,152",https://www.basketball-reference.com/players/l/lillada01.html
9,10,Kawhi Leonard,LAC,"$39,344,900","$42,492,492","$45,640,084","$48,787,676",,,Early Bird,"$127,477,476",https://www.basketball-reference.com/players/l/leonaka01.html
10,11,Klay Thompson,GSW,"$37,980,720","$40,600,080","$43,219,440",,,,Bird Rights,"$121,800,240",https://www.basketball-reference.com/players/t/thompkl01.html
11,12,Jimmy Butler,MIA,"$36,016,200","$37,653,300","$45,183,960","$48,798,677","$52,413,394",,Sign and Trade,"$167,652,137",https://www.basketball-reference.com/players/b/butleji01.html
12,13,Tobias Harris,PHI,"$36,000,000","$38,482,759","$40,965,517",,,,Bird Rights,"$115,448,276",https://www.basketball-reference.com/players/h/harrito02.html
13,14,Khris Middleton,MIL,"$35,500,000","$37,948,276","$40,396,552",,,,Bird Rights,"$73,448,276",https://www.basketball-reference.com/players/m/middlkh01.html
14,15,Anthony Davis,LAL,"$35,361,360","$37,980,720","$40,600,080","$43,219,440",,,Bird,"$113,942,160",https://www.basketball-reference.com/players/d/davisan02.html
15,16,Rudy Gobert,UTA,"$35,344,828","$38,172,414","$41,000,000","$43,827,587","$46,655,173",,Bird,"$158,344,829",https://www.basketball-reference.com/players/g/goberru01.html
16,17,Kyrie Irving,BRK,"$34,916,200","$36,503,300",,,,,Cap space,"$34,916,200",https://www.basketball-reference.com/players/i/irvinky01.html
17,18,Bradley Beal,WAS,"$34,502,130","$37,262,300",,,,,Cap Space,"$34,502,130",https://www.basketball-reference.com/players/b/bealbr01.html
18,19,Kristaps Porziņģis,WAS,"$31,650,600","$33,833,400","$36,016,200",,,,Bird Rights,"$65,484,000",https://www.basketball-reference.com/players/p/porzikr01.html
19,20,Devin Booker,PHO,"$31,610,000","$33,790,000","$35,970,000",,,,1st round pick,"$101,370,000",https://www.basketball-reference.com/players/b/bookede01.html
20,21,Karl-Anthony Towns,MIN,"$31,610,000","$33,790,000","$35,970,000",,,,1st Round Pick,"$101,370,000",https://www.basketball-reference.com/players/t/townska01.html
21,22,Jamal Murray,DEN,"$31,590,000","$33,930,000","$36,270,000","$38,610,000",,,1st Round pick,"$140,400,000",https://www.basketball-reference.com/players/m/murraja01.html
22,23,Ben Simmons,BRK,"$31,590,000","$33,930,000","$36,270,000","$38,610,000",,,1st Round pick,"$140,400,000",https://www.basketball-reference.com/players/s/simmobe01.html
23,24,Joel Embiid,PHI,"$31,579,390","$33,616,770","$43,732,500","$47,231,100","$50,729,700","$54,228,300",1st Round Pick,"$206,889,460",https://www.basketball-reference.com/players/e/embiijo01.html
24,25,Andrew Wiggins,GSW,"$31,579,390","$33,616,770",,,,,1st Round Pick,"$65,196,160",https://www.basketball-reference.com/players/w/wiggian01.html
25,26,Pascal Siakam,TOR,"$31,320,000","$33,640,000","$35,960,000",,,,1st Round pick,"$100,920,000",https://www.basketball-reference.com/players/s/siakapa01.html
26,27,Kevin Love,CLE,"$31,300,000","$28,900,000",,,,,Bird Rights,"$60,200,000",https://www.basketball-reference.com/players/l/loveke01.html
27,28,CJ McCollum,NOP,"$30,864,198","$33,333,333","$35,802,469",,,,1st Round Pick,"$100,000,000",https://www.basketball-reference.com/players/m/mccolcj01.html
28,29,Chris Paul,PHO,"$30,800,000","$28,400,000","$30,800,000","$30,000,000",,,Bird,"$75,000,000",https://www.basketball-reference.com/players/p/paulch01.html
29,30,Nikola Jokić,DEN,"$30,510,423","$32,478,837",,,,,Bird Rights,"$62,989,260",https://www.basketball-reference.com/players/j/jokicni01.html
30,31,Jrue Holiday,MIL,"$30,133,333","$32,393,333","$34,653,333","$36,913,333",,,Bird,"$97,179,999",https://www.basketball-reference.com/players/h/holidjr01.html
31,32,D'Angelo Russell,MIN,"$30,013,500","$31,377,750",,,,,Sign and Trade,"$61,391,250",https://www.basketball-reference.com/players/r/russeda01.html
32,33,Gordon Hayward,CHO,"$29,900,000","$30,100,000","$31,500,000",,,,Sign and Trade,"$91,500,000",https://www.basketball-reference.com/players/h/haywago01.html
33,34,Blake Griffin,DET,"$32,405,817",,,,,,,"$29,764,126",https://www.basketball-reference.com/players/g/griffbl01.html
34,35,Brandon Ingram,NOP,"$29,467,800","$31,650,600","$33,833,400","$36,016,200",,,Bird,"$130,968,000",https://www.basketball-reference.com/players/i/ingrabr01.html
35,36,De'Aaron Fox,SAC,"$28,103,550","$30,351,834","$32,600,118","$34,848,402","$37,096,686",,Bird,"$163,000,590",https://www.basketball-reference.com/players/f/foxde01.html
36,37,Bam Adebayo,MIA,"$28,103,550","$30,351,834","$32,600,118","$34,848,402","$37,096,686",,Bird,"$163,000,590",https://www.basketball-reference.com/players/a/adebaba01.html
37,38,Donovan Mitchell,UTA,"$28,103,550","$30,351,834","$32,600,118","$34,848,402","$37,096,686",,Bird,"$125,903,904",https://www.basketball-reference.com/players/m/mitchdo01.html
38,39,Jayson Tatum,BOS,"$28,103,550","$30,351,834","$32,600,118","$34,848,402","$37,096,686",,Bird,"$125,903,904",https://www.basketball-reference.com/players/t/tatumja01.html
39,40,Al Horford,BOS,"$27,000,000","$26,500,000",,,,,Cap Space,"$41,500,000",https://www.basketball-reference.com/players/h/horfoal01.html
40,41,Kyle Lowry,MIA,"$26,984,128","$28,333,334","$29,682,540",,,,Bird,"$85,000,002",https://www.basketball-reference.com/players/l/lowryky01.html
41,42,Kemba Walker,OKC,"$34,967,442","$36,596,549",,,,,,"$53,669,500",https://www.basketball-reference.com/players/w/walkeke02.html
42,43,DeMar DeRozan,CHI,"$26,000,000","$27,300,000","$28,600,000",,,,Sign and Trade,"$81,900,000",https://www.basketball-reference.com/players/d/derozde01.html
43,44,Jaylen Brown,BOS,"$24,830,357","$26,669,643","$28,508,929",,,,1st Round pick,"$80,008,929",https://www.basketball-reference.com/players/b/brownja02.html
44,45,Draymond Green,GSW,"$24,026,712","$25,806,469","$27,586,225",,,,Bird Rights,"$49,833,181",https://www.basketball-reference.com/players/g/greendr01.html
45,46,Nikola Vučević,CHI,"$24,000,000","$22,000,000",,,,,Bird Rights,"$46,000,000",https://www.basketball-reference.com/players/v/vucevni01.html
46,47,John Collins,ATL,"$23,000,000","$23,500,000","$25,340,000","$26,580,000","$26,580,000",,Bird,"$125,000,000",https://www.basketball-reference.com/players/c/collijo01.html
47,48,Buddy Hield,IND,"$22,477,273","$20,522,727","$18,568,182",,,,1st Round pick,"$61,568,182",https://www.basketball-reference.com/players/h/hieldbu01.html
48,49,Malcolm Brogdon,IND,"$21,700,000","$22,600,000","$21,634,615","$23,365,385",,,Sign and Trade,"$89,300,000",https://www.basketball-reference.com/players/b/brogdma01.html
49,50,Tim Hardaway Jr.,DAL,"$21,306,816","$19,602,273","$17,897,728","$16,193,183",,,Bird,"$75,000,000",https://www.basketball-reference.com/players/h/hardati02.html
50,51,Mike Conley,UTA,"$21,000,000","$22,680,000","$24,360,000",,,,Bird,"$58,000,000",https://www.basketball-reference.com/players/c/conlemi01.html
51,52,Gary Harris,ORL,"$20,482,143",,,,,,1st Round Pick,"$20,482,143",https://www.basketball-reference.com/players/h/harriga01.html
52,53,Danilo Gallinari,ATL,"$20,475,000","$21,450,000",,,,,Sign and Trade,"$25,475,000",https://www.basketball-reference.com/players/g/gallida01.html
53,54,Harrison Barnes,SAC,"$20,284,091","$18,352,273",,,,,Bird Rights,"$38,636,364",https://www.basketball-reference.com/players/b/barneha02.html
54,55,Jarrett Allen,CLE,"$20,000,000","$20,000,000","$20,000,000","$20,000,000","$20,000,000",,Bird,"$100,000,000",https://www.basketball-reference.com/players/a/allenja01.html
55,56,Jerami Grant,DET,"$20,000,000","$20,952,381",,,,,Sign and Trade,"$40,952,381",https://www.basketball-reference.com/players/g/grantje01.html
56,57,Julius Randle,NYK,"$19,800,000","$23,760,000","$25,660,800","$27,561,600","$29,462,400",,Cap Space,"$96,782,400",https://www.basketball-reference.com/players/r/randlju01.html
57,58,Fred VanVleet,TOR,"$19,675,926","$21,250,000","$22,824,074",,,,Bird,"$40,925,926",https://www.basketball-reference.com/players/v/vanvlfr01.html
58,59,Zach LaVine,CHI,"$19,500,000",,,,,,Cap space,"$19,500,000",https://www.basketball-reference.com/players/l/lavinza01.html
59,60,Goran Dragić,SAS,"$20,168,742",,,,,,,"$19,440,000",https://www.basketball-reference.com/players/d/dragigo01.html
60,61,Bojan Bogdanović,UTA,"$18,700,000","$19,550,000",,,,,Cap Space,"$38,250,000",https://www.basketball-reference.com/players/b/bogdabo02.html
61,62,Lonzo Ball,CHI,"$18,604,651","$19,534,884","$20,465,117","$21,395,348",,,Sign and Trade,"$58,604,652",https://www.basketball-reference.com/players/b/balllo01.html
62,63,Domantas Sabonis,SAC,"$18,562,500","$19,937,500","$21,312,500",,,,1st Round pick,"$59,812,500",https://www.basketball-reference.com/players/s/sabondo01.html
63,64,Eric Gordon,HOU,"$18,218,818","$19,568,360","$20,917,902",,,,Cap Space,"$37,787,178",https://www.basketball-reference.com/players/g/gordoer01.html
64,65,Evan Fournier,NYK,"$18,139,535","$19,046,512","$19,953,488","$20,860,465",,,Sign and Trade,"$57,139,535",https://www.basketball-reference.com/players/f/fournev01.html
65,66,Eric Bledsoe,POR,"$18,125,000","$19,375,000",,,,,Bird Rights,"$22,025,000",https://www.basketball-reference.com/players/b/bledser01.html
66,67,Myles Turner,IND,"$18,000,000","$18,000,000",,,,,1st Round pick,"$36,000,000",https://www.basketball-reference.com/players/t/turnemy01.html
67,68,Bogdan Bogdanović,ATL,"$18,000,000","$18,000,000","$18,000,000",,,,Cap Space,"$36,000,000",https://www.basketball-reference.com/players/b/bogdabo01.html
68,69,Terry Rozier,CHO,"$17,905,263","$21,486,316","$23,205,221","$24,924,126","$26,643,031",,Sign and Trade,"$114,163,957",https://www.basketball-reference.com/players/r/roziete01.html
69,70,Ricky Rubio,IND,"$17,809,524",,,,,,Cap Space,"$17,809,524",https://www.basketball-reference.com/players/r/rubiori01.html
70,71,Caris LeVert,CLE,"$17,500,000","$18,796,296",,,,,1st Round pick,"$36,296,296",https://www.basketball-reference.com/players/l/leverca01.html
71,72,Jonathan Isaac,ORL,"$17,400,000","$17,400,000","$17,400,000","$17,400,000",,,Bird,"$40,800,000",https://www.basketball-reference.com/players/i/isaacjo01.html
72,73,Joe Harris,BRK,"$17,357,143","$18,642,857","$19,928,571",,,,Bird,"$55,928,571",https://www.basketball-reference.com/players/h/harrijo01.html
73,74,Spencer Dinwiddie,DAL,"$17,142,857","$18,000,000","$18,857,143",,,,Sign and Trade,"$45,142,857",https://www.basketball-reference.com/players/d/dinwisp01.html
74,75,Clint Capela,ATL,"$17,103,448","$18,206,897","$20,616,000","$22,265,280",,,Bird Rights,"$78,191,625",https://www.basketball-reference.com/players/c/capelca01.html
75,76,Steven Adams,MEM,"$17,073,171","$17,926,829",,,,,1st Round Pick,"$35,000,000",https://www.basketball-reference.com/players/a/adamsst01.html
76,77,Markelle Fultz,ORL,"$16,500,000","$16,500,000","$17,000,000",,,,Bird,"$35,000,000",https://www.basketball-reference.com/players/f/fultzma01.html
77,78,Aaron Gordon,DEN,"$16,409,091","$19,690,909","$21,266,182","$22,841,455","$22,841,455",,Bird Rights,"$80,207,637",https://www.basketball-reference.com/players/g/gordoaa01.html
78,79,OG Anunoby,TOR,"$16,071,429","$17,357,143","$18,642,857","$19,928,571",,,Bird,"$52,071,429",https://www.basketball-reference.com/players/a/anunoog01.html
79,80,Dāvis Bertāns,DAL,"$16,000,000","$16,000,000","$17,000,000","$16,000,000",,,Bird,"$60,000,000",https://www.basketball-reference.com/players/b/bertada01.html
80,81,Gary Trent Jr.,TOR,"$16,000,000","$17,280,000","$18,560,000",,,,Bird,"$33,280,000",https://www.basketball-reference.com/players/t/trentga02.html
81,82,Lauri Markkanen,CLE,"$15,690,909","$16,475,454","$17,259,999","$18,044,544",,,Sign and Trade,"$55,426,362",https://www.basketball-reference.com/players/m/markkla01.html
82,83,Marcus Morris,LAC,"$15,627,907","$16,372,093","$17,116,279",,,,Non Bird,"$49,116,279",https://www.basketball-reference.com/players/m/morrima03.html
83,84,Duncan Robinson,MIA,"$15,560,000","$16,902,000","$18,154,000","$19,406,000","$19,888,000",,Bird,"$79,910,000",https://www.basketball-reference.com/players/r/robindu01.html
84,85,Norman Powell,LAC,"$15,517,242","$16,758,621","$18,000,000","$19,241,379","$20,482,758",,Bird,"$90,000,000",https://www.basketball-reference.com/players/p/powelno01.html
85,86,Dejounte Murray,SAS,"$15,428,571","$16,571,429","$17,714,286",,,,1st Round pick,"$49,714,286",https://www.basketball-reference.com/players/m/murrade01.html
86,87,Will Barton,DEN,"$15,384,615","$16,615,385",,,,,Bird,"$32,000,000",https://www.basketball-reference.com/players/b/bartowi01.html
87,88,Derrick White,BOS,"$15,178,571","$16,392,857","$17,607,143","$18,821,429",,,Bird,"$68,000,000",https://www.basketball-reference.com/players/w/whitede01.html
88,89,Taurean Prince,MIN,"$15,057,692",,,,,,1st Round pick,"$15,057,692",https://www.basketball-reference.com/players/p/princta02.html
89,90,Malik Beasley,MIN,"$14,391,964","$15,458,035","$16,524,106",,,,Bird,"$29,849,999",https://www.basketball-reference.com/players/b/beaslma01.html
90,91,Marcus Smart,BOS,"$14,339,285","$16,607,142","$18,583,713","$19,960,285","$21,336,856",,Bird Rights,"$90,827,281",https://www.basketball-reference.com/players/s/smartma01.html
91,92,Patrick Beverley,MIN,"$14,320,988","$13,000,000",,,,,Bird Rights,"$27,320,988",https://www.basketball-reference.com/players/b/beverpa01.html
92,93,Thaddeus Young,TOR,"$14,190,000",,,,,,Cap space,"$14,190,000",https://www.basketball-reference.com/players/y/youngth01.html
93,94,Jonas Valančiūnas,NOP,"$14,000,000","$14,700,000","$15,435,000",,,,Bird Rights,"$44,135,000",https://www.basketball-reference.com/players/v/valanjo01.html
94,95,Joe Ingles,POR,"$14,000,000",,,,,,Bird Rights,"$14,000,000",https://www.basketball-reference.com/players/i/inglejo01.html
95,96,Doug McDermott,SAS,"$13,750,000","$13,750,000","$13,750,000",,,,Sign and Trade,"$41,250,000",https://www.basketball-reference.com/players/m/mcderdo01.html
96,97,Christian Wood,HOU,"$13,666,667","$14,317,459",,,,,Sign and Trade,"$27,984,126",https://www.basketball-reference.com/players/w/woodch01.html
97,98,Derrick Rose,NYK,"$13,445,120","$14,520,730","$15,596,339",,,,Early Bird,"$27,965,850",https://www.basketball-reference.com/players/r/rosede01.html
98,99,Brook Lopez,MIL,"$13,302,325","$13,906,976",,,,,Cap Space,"$27,209,301",https://www.basketball-reference.com/players/l/lopezbr01.html
99,100,Kentavious Caldwell-Pope,WAS,"$13,038,862","$14,004,703",,,,,Early Bird,"$17,926,980",https://www.basketball-reference.com/players/c/caldwke01.html
100,101,Kyle Kuzma,WAS,"$13,000,000","$13,000,000","$13,000,000",,,,Bird,"$26,000,000",https://www.basketball-reference.com/players/k/kuzmaky01.html
101,102,Robert Covington,LAC,"$12,975,471",,,,,,Cap Space,"$12,975,471",https://www.basketball-reference.com/players/c/covinro01.html
102,103,Luke Kennard,LAC,"$12,727,273","$13,745,455","$14,763,636","$14,763,636",,,Bird,"$41,236,364",https://www.basketball-reference.com/players/k/kennalu01.html
103,104,T.J. Warren,IND,"$12,690,000",,,,,,1st Round Pick,"$12,690,000",https://www.basketball-reference.com/players/w/warretj01.html
104,105,Deandre Ayton,PHO,"$12,632,950",,,,,,1st Round Pick,"$12,632,950",https://www.basketball-reference.com/players/a/aytonde01.html
105,106,Terrence Ross,ORL,"$12,500,000","$11,500,000",,,,,Bird Rights,"$24,000,000",https://www.basketball-reference.com/players/r/rosste01.html
106,107,Jordan Clarkson,UTA,"$12,420,000","$13,340,000","$14,260,000",,,,Bird,"$25,760,000",https://www.basketball-reference.com/players/c/clarkjo01.html
107,108,Dillon Brooks,MEM,"$12,200,000","$11,400,000",,,,,MLE,"$23,600,000",https://www.basketball-reference.com/players/b/brookdi01.html
108,109,Kelly Olynyk,DET,"$12,195,122","$12,804,878","$12,195,122",,,,Cap Space,"$28,000,000",https://www.basketball-reference.com/players/o/olynyke01.html
109,110,Kelly Oubre Jr.,CHO,"$12,000,000","$12,600,000",,,,,Cap Space,"$17,000,000",https://www.basketball-reference.com/players/o/oubreke01.html
110,111,Josh Hart,POR,"$12,000,000","$12,960,000","$12,960,000",,,,Bird,"$12,000,000",https://www.basketball-reference.com/players/h/hartjo01.html
111,112,Jusuf Nurkić,POR,"$12,000,000",,,,,,Bird Rights,"$4,000,000",https://www.basketball-reference.com/players/n/nurkiju01.html
112,113,Josh Richardson,SAS,"$11,615,328","$12,196,094",,,,,Minimum Salary,"$23,811,422",https://www.basketball-reference.com/players/r/richajo01.html
113,114,Marvin Bagley III,DET,"$11,312,114",,,,,,1st Round Pick,"$11,312,114",https://www.basketball-reference.com/players/b/baglema01.html
114,115,Devonte' Graham,NOP,"$11,000,000","$11,550,000","$12,100,000","$12,650,000",,,Sign and Trade,"$37,500,000",https://www.basketball-reference.com/players/g/grahade01.html
115,116,Dwight Powell,DAL,"$11,000,000","$11,814,815",,,,,Cap Space,"$22,814,815",https://www.basketball-reference.com/players/p/poweldw01.html
116,117,Zion Williamson,NOP,"$10,733,400","$13,534,817",,,,,1st Round Pick,"$10,733,400",https://www.basketball-reference.com/players/w/willizi01.html
117,118,Larry Nance Jr.,NOP,"$10,690,909","$9,672,727",,,,,1st Round pick,"$20,363,636",https://www.basketball-reference.com/players/n/nancela02.html
118,119,Jeremy Lamb,SAC,"$10,500,000",,,,,,Cap Space,"$10,500,000",https://www.basketball-reference.com/players/l/lambje01.html
119,120,Richaun Holmes,SAC,"$10,384,500","$11,215,260","$12,046,020","$12,876,780",,,Early Bird,"$33,645,780",https://www.basketball-reference.com/players/h/holmeri01.html
120,121,Reggie Jackson,LAC,"$10,384,500","$11,215,260",,,,,Early Bird,"$21,599,760",https://www.basketball-reference.com/players/j/jacksre01.html
121,122,Anthony Edwards,MIN,"$10,245,480","$10,733,400","$13,534,817",,,,1st Round Pick,"$20,978,880",https://www.basketball-reference.com/players/e/edwaran01.html
122,123,Luka Dončić,DAL,"$10,174,391","$35,700,000","$38,556,000","$41,412,000","$44,268,000","$47,124,000",1st Round Pick,"$217,234,391",https://www.basketball-reference.com/players/d/doncilu01.html
123,124,Cade Cunningham,DET,"$10,050,120","$10,552,800","$11,055,240","$13,940,658",,,1st Round Pick,"$20,602,920",https://www.basketball-reference.com/players/c/cunnica01.html
124,125,Tomáš Satoranský,SAS,"$10,468,119",,,,,,,"$10,000,000",https://www.basketball-reference.com/players/s/satorto01.html
125,126,Danny Green,PHI,"$10,000,000","$10,000,000",,,,,Early Bird,"$10,000,000",https://www.basketball-reference.com/players/g/greenda02.html
126,127,Kyle Anderson,MEM,"$9,937,150",,,,,,MLE,"$9,937,150",https://www.basketball-reference.com/players/a/anderky01.html
127,128,Serge Ibaka,MIL,"$9,742,000",,,,,,MLE,"$9,742,000",https://www.basketball-reference.com/players/i/ibakase01.html
128,129,Jae Crowder,PHO,"$9,720,900","$10,183,800",,,,,MLE,"$19,904,700",https://www.basketball-reference.com/players/c/crowdja01.html
129,130,Derrick Favors,OKC,"$9,720,900","$10,183,800",,,,,MLE,"$9,720,900",https://www.basketball-reference.com/players/f/favorde01.html
130,131,Tristan Thompson,IND,"$10,720,900",,,,,,,"$9,720,900",https://www.basketball-reference.com/players/t/thomptr01.html
131,132,Montrezl Harrell,CHO,"$9,720,900",,,,,,MLE,"$9,720,900",https://www.basketball-reference.com/players/h/harremo01.html
132,133,Derrick Jones Jr.,CHI,"$9,720,900",,,,,,MLE,"$9,720,900",https://www.basketball-reference.com/players/j/jonesde02.html
133,134,Ja Morant,MEM,"$9,603,360","$12,119,440",,,,,1st Round Pick,"$21,722,800",https://www.basketball-reference.com/players/m/moranja01.html
134,135,Reggie Bullock,DAL,"$9,536,000","$10,012,800","$10,489,600",,,,MLE,"$25,000,000",https://www.basketball-reference.com/players/b/bullore01.html
135,136,Alec Burks,NYK,"$9,536,000","$10,012,800","$10,489,600",,,,Cap Space,"$19,548,800",https://www.basketball-reference.com/players/b/burksal01.html
136,137,Talen Horton-Tucker,LAL,"$9,500,000","$10,260,000","$11,020,000",,,,Early Bird,"$19,760,000",https://www.basketball-reference.com/players/h/hortota01.html
137,138,Jaren Jackson Jr.,MEM,"$9,180,560","$23,437,500","$25,312,500","$27,187,500","$29,062,500",,1st Round Pick,"$114,180,560",https://www.basketball-reference.com/players/j/jacksja02.html
138,139,James Wiseman,GSW,"$9,166,800","$9,603,360","$12,119,440",,,,1st Round Pick,"$18,770,160",https://www.basketball-reference.com/players/w/wisemja01.html
139,140,Nicolas Batum,CHO,"$12,213,507","$12,372,008",,,,,,"$18,086,956",https://www.basketball-reference.com/players/b/batumni01.html
140,141,Dario Šarić,PHO,"$9,000,000","$9,666,667",,,,,Bird,"$18,666,667",https://www.basketball-reference.com/players/s/saricda01.html
141,142,Jalen Green,HOU,"$8,992,200","$9,441,720","$9,891,600","$12,483,199",,,1st Round Pick,"$18,433,920",https://www.basketball-reference.com/players/g/greenja05.html
142,143,Nerlens Noel,NYK,"$8,800,000","$9,240,000","$9,680,000",,,,Cap Space,"$18,040,000",https://www.basketball-reference.com/players/n/noelne01.html
143,144,Jakob Poeltl,SAS,"$8,750,000","$9,398,148",,,,,Bird,"$18,148,148",https://www.basketball-reference.com/players/p/poeltja01.html
144,145,Maxi Kleber,DAL,"$8,750,000","$9,000,000",,,,,Early Bird Rights,"$8,750,000",https://www.basketball-reference.com/players/k/klebima01.html
145,146,Thomas Bryant,WAS,"$8,730,159",,,,,,Early Bird Rights,"$8,730,159",https://www.basketball-reference.com/players/b/bryanth01.html
146,147,Kemba Walker,NYK,"$34,967,442","$36,596,549",,,,,Cap Space,"$17,894,491",https://www.basketball-reference.com/players/w/walkeke02.html
147,148,Royce O'Neale,UTA,"$8,678,571","$9,321,429","$9,964,286",,,,Cap space,"$27,964,286",https://www.basketball-reference.com/players/o/onealro01.html
148,149,RJ Barrett,NYK,"$8,623,920","$10,900,635",,,,,1st Round Pick,"$19,524,555",https://www.basketball-reference.com/players/b/barrerj01.html
149,150,Alex Caruso,CHI,"$8,604,651","$9,034,884","$9,465,116","$9,895,349",,,MLE,"$37,000,000",https://www.basketball-reference.com/players/c/carusal01.html
150,151,Delon Wright,ATL,"$8,526,316",,,,,,Sign and Trade,"$8,526,316",https://www.basketball-reference.com/players/w/wrighde01.html
151,152,De'Anthony Melton,MEM,"$8,437,500","$9,062,500","$9,687,500",,,,Early Bird,"$27,187,500",https://www.basketball-reference.com/players/m/meltode01.html
152,153,Daniel Theis,BOS,"$8,372,093","$8,790,698","$9,209,302","$9,627,907",,,Sign and Trade,"$36,000,000",https://www.basketball-reference.com/players/t/theisda01.html
153,154,Monte Morris,DEN,"$8,333,333","$9,000,000","$9,666,667",,,,Bird,"$27,000,000",https://www.basketball-reference.com/players/m/morrimo01.html
154,155,Trae Young,ATL,"$8,326,471","$29,750,000","$32,130,000","$34,510,000","$36,890,000","$39,270,000",1st Round Pick,"$180,876,471",https://www.basketball-reference.com/players/y/youngtr01.html
155,156,JaMychal Green,DEN,"$8,292,683","$8,707,317",,,,,Non Bird,"$17,000,000",https://www.basketball-reference.com/players/g/greenja01.html
156,157,LaMelo Ball,CHO,"$8,231,760","$8,623,920","$10,900,635",,,,1st Round Pick,"$16,855,680",https://www.basketball-reference.com/players/b/ballla01.html
157,158,Seth Curry,BRK,"$8,186,047","$8,558,140",,,,,MLE,"$16,744,187",https://www.basketball-reference.com/players/c/curryse01.html
158,159,Mason Plumlee,CHO,"$8,137,500","$8,525,000",,,,,Cap space,"$16,662,500",https://www.basketball-reference.com/players/p/plumlma01.html
159,160,Evan Mobley,CLE,"$8,075,160","$8,478,720","$8,882,760","$11,227,809",,,1st Round Pick,"$16,553,880",https://www.basketball-reference.com/players/m/mobleev01.html
160,161,Cedi Osman,CLE,"$8,050,000","$7,350,000","$6,650,000",,,,MLE,"$15,400,000",https://www.basketball-reference.com/players/o/osmande01.html
161,162,DeAndre Jordan,DET,"$11,109,327","$7,827,907",,,,,,"$15,703,440",https://www.basketball-reference.com/players/j/jordade01.html
162,163,De'Andre Hunter,ATL,"$7,775,400","$9,835,881",,,,,1st Round Pick,"$17,611,281",https://www.basketball-reference.com/players/h/huntede01.html
163,164,Mo Bamba,ORL,"$7,568,742",,,,,,1st Round Pick,"$7,568,742",https://www.basketball-reference.com/players/b/bambamo01.html
164,165,Tyus Jones,MEM,"$7,522,200",,,,,,MLE,"$7,522,200",https://www.basketball-reference.com/players/j/jonesty01.html
165,166,Ivica Zubac,LAC,"$7,518,518","$7,518,518",,,,,Bird Rights,"$7,518,518",https://www.basketball-reference.com/players/z/zubaciv01.html
166,167,T.J. McConnell,IND,"$7,500,000","$8,100,000","$8,700,000","$9,300,000",,,Early Bird,"$29,300,000",https://www.basketball-reference.com/players/m/mccontj01.html
167,168,Patrick Williams,CHI,"$7,422,000","$7,775,400","$9,835,881",,,,1st Round Pick,"$15,197,400",https://www.basketball-reference.com/players/w/willipa01.html
168,169,Scottie Barnes,TOR,"$7,280,520","$7,644,720","$8,008,560","$10,130,828",,,1st Round Pick,"$14,925,240",https://www.basketball-reference.com/players/b/barnesc01.html
169,170,Darius Garland,CLE,"$7,040,880","$8,920,795",,,,,1st Round Pick,"$15,961,675",https://www.basketball-reference.com/players/g/garlada01.html
170,171,Chris Boucher,TOR,"$7,009,615",,,,,,Early Bird,"$7,009,615",https://www.basketball-reference.com/players/b/bouchch01.html
171,172,D.J. Augustin,HOU,"$7,622,467","$333,333",,,,,,"$7,333,333",https://www.basketball-reference.com/players/a/augusdj01.html
172,173,P.J. Tucker,MIA,"$7,000,000","$7,350,000",,,,,MLE,"$7,000,000",https://www.basketball-reference.com/players/t/tuckepj01.html
173,174,Zach Collins,SAS,"$6,984,127","$7,333,333","$7,682,540",,,,Cap Space,"$22,000,000",https://www.basketball-reference.com/players/c/colliza01.html
174,175,Wendell Carter Jr.,ORL,"$6,920,027","$14,150,000","$13,050,000","$11,950,000","$10,850,000",,1st Round Pick,"$50,000,000",https://www.basketball-reference.com/players/c/cartewe01.html
175,176,Isaac Okoro,CLE,"$6,720,720","$7,040,880","$8,920,795",,,,1st Round Pick,"$13,761,600",https://www.basketball-reference.com/players/o/okorois01.html
176,177,Jalen Suggs,ORL,"$6,593,040","$6,922,440","$7,252,200","$9,188,537",,,1st Round Pick,"$13,515,480",https://www.basketball-reference.com/players/s/suggsja01.html
177,178,Cameron Payne,PHO,"$6,500,000","$6,000,000","$6,500,000",,,,Early Bird,"$14,500,000",https://www.basketball-reference.com/players/p/payneca01.html
178,179,Joakim Noah,NYK,"$6,431,666",,,,,,,"$6,431,666",https://www.basketball-reference.com/players/n/noahjo01.html
179,180,Jarrett Culver,MEM,"$6,395,160","$8,109,063",,,,,1st Round Pick,"$6,395,160",https://www.basketball-reference.com/players/c/culveja01.html
180,181,Khem Birch,TOR,"$6,350,000","$6,667,750","$6,985,000",,,,MLE,"$20,002,750",https://www.basketball-reference.com/players/b/birchkh01.html
181,182,Collin Sexton,CLE,"$6,349,671",,,,,,1st Round Pick,"$6,349,671",https://www.basketball-reference.com/players/s/sextoco01.html
182,183,Juancho Hernangómez,UTA,"$6,175,440","$6,632,880",,,,,Bird,"$6,175,440",https://www.basketball-reference.com/players/h/hernaju01.html
183,184,Onyeka Okongwu,ATL,"$6,104,280","$6,395,160","$8,109,063",,,,1st Round Pick,"$12,499,440",https://www.basketball-reference.com/players/o/okongon01.html
184,185,Justin Holiday,SAC,"$6,006,420","$6,292,440",,,,,Non Bird,"$12,298,860",https://www.basketball-reference.com/players/h/holidju01.html
185,186,Josh Giddey,OKC,"$5,988,000","$6,287,400","$6,587,040","$8,352,367",,,1st Round Pick,"$12,275,400",https://www.basketball-reference.com/players/g/giddejo01.html
186,187,Rudy Gay,UTA,"$5,890,000","$6,184,500","$6,479,000",,,,Mini MLE,"$12,074,500",https://www.basketball-reference.com/players/g/gayru01.html
187,188,Dennis Schröder,HOU,"$5,890,000",,,,,,Mini MLE,"$5,890,000",https://www.basketball-reference.com/players/s/schrode01.html
188,189,Patty Mills,BRK,"$5,890,000","$6,184,500",,,,,Mini MLE,"$5,890,000",https://www.basketball-reference.com/players/m/millspa02.html
189,190,Kevin Knox,ATL,"$5,845,978",,,,,,1st Round Pick,"$5,845,978",https://www.basketball-reference.com/players/k/knoxke01.html
190,191,Coby White,CHI,"$5,837,760","$7,413,955",,,,,1st Round Pick,"$5,837,760",https://www.basketball-reference.com/players/w/whiteco01.html
191,192,Timofey Mozgov,ORL,"$5,573,334",,,,,,,"$5,573,334",https://www.basketball-reference.com/players/m/mozgoti01.html
192,193,Killian Hayes,DET,"$5,572,680","$5,837,760","$7,413,955",,,,1st Round Pick,"$11,410,440",https://www.basketball-reference.com/players/h/hayeski01.html
193,194,Mikal Bridges,PHO,"$5,557,725","$20,089,286","$21,696,429","$23,303,571","$24,910,714",,1st Round Pick,"$95,557,725",https://www.basketball-reference.com/players/b/bridgmi01.html
194,195,Shai Gilgeous-Alexander,OKC,"$5,495,532","$29,750,000","$32,130,000","$34,510,000","$36,890,000","$39,270,000",1st Round Pick,"$178,045,532",https://www.basketball-reference.com/players/g/gilgesh01.html
195,196,Jonathan Kuminga,GSW,"$5,466,360","$5,739,960","$6,012,720","$7,636,154",,,1st Round Pick,"$11,206,320",https://www.basketball-reference.com/players/k/kuminjo01.html
196,197,Miles Bridges,CHO,"$5,421,493",,,,,,1st Round Pick,"$5,421,493",https://www.basketball-reference.com/players/b/bridgmi02.html
197,198,Jaxson Hayes,NOP,"$5,348,280","$6,803,012",,,,,1st Round Pick,"$12,151,292",https://www.basketball-reference.com/players/h/hayesja02.html
198,199,Pat Connaughton,MIL,"$5,333,333","$5,728,395",,,,,Early Bird,"$5,333,333",https://www.basketball-reference.com/players/c/connapa01.html
199,200,Michael Porter Jr.,DEN,"$5,258,735","$29,750,000","$32,130,000","$34,510,000","$36,890,000","$39,270,000",1st Round Pick,"$150,538,735",https://www.basketball-reference.com/players/p/portemi01.html
200,201,Ryan Anderson,MIA,"$5,214,584",,,,,,,"$5,214,584",https://www.basketball-reference.com/players/a/anderry01.html
201,202,Hamidou Diallo,DET,"$5,200,000","$5,200,000",,,,,Bird,"$5,200,000",https://www.basketball-reference.com/players/d/diallha01.html
202,203,Kevon Looney,GSW,"$5,178,572",,,,,,Bird Rights,"$5,178,572",https://www.basketball-reference.com/players/l/looneke01.html
203,204,Troy Brown Jr.,CHI,"$5,170,564",,,,,,1st Round Pick,"$5,170,564",https://www.basketball-reference.com/players/b/browntr01.html
204,205,Obi Toppin,NYK,"$5,105,160","$5,348,280","$6,803,012",,,,1st Round Pick,"$10,453,440",https://www.basketball-reference.com/players/t/toppiob01.html
205,206,Franz Wagner,ORL,"$5,007,840","$5,258,280","$5,508,720","$7,007,092",,,1st Round Pick,"$10,266,120",https://www.basketball-reference.com/players/w/wagnefr01.html
206,207,Josh Jackson,SAC,"$5,005,350",,,,,,Room Exception,"$5,005,350",https://www.basketball-reference.com/players/j/jacksjo02.html
207,208,JaVale McGee,PHO,"$5,000,000",,,,,,MLE,"$5,000,000",https://www.basketball-reference.com/players/m/mcgeeja01.html
208,209,Robin Lopez,ORL,"$5,000,000",,,,,,MLE,"$5,000,000",https://www.basketball-reference.com/players/l/lopezro01.html
209,210,Kendrick Nunn,LAL,"$5,000,000","$5,250,000",,,,,Mini MLE,"$5,000,000",https://www.basketball-reference.com/players/n/nunnke01.html
210,211,Lou Williams,ATL,"$5,000,000",,,,,,Bird,"$5,000,000",https://www.basketball-reference.com/players/w/willilo02.html
211,212,Luol Deng,LAL,"$4,990,000",,,,,,,"$4,990,000",https://www.basketball-reference.com/players/d/denglu01.html
212,213,Rui Hachimura,WAS,"$4,916,160","$6,263,188",,,,,1st Round Pick,"$11,179,348",https://www.basketball-reference.com/players/h/hachiru01.html
213,214,Garrett Temple,NOP,"$4,910,000","$5,155,500","$5,401,000",,,,Sign and Trade,"$10,065,500",https://www.basketball-reference.com/players/t/templga01.html
214,215,Cory Joseph,DET,"$7,310,000","$5,155,000",,,,,Room Exception,"$7,310,000",https://www.basketball-reference.com/players/j/josepco01.html
215,216,Taj Gibson,NYK,"$4,910,000","$5,155,500",,,,,Room Exception,"$4,910,000",https://www.basketball-reference.com/players/g/gibsota01.html
216,217,Torrey Craig,PHO,"$4,878,049","$5,121,951",,,,,MLE,"$10,000,000",https://www.basketball-reference.com/players/c/craigto01.html
217,218,Rajon Rondo,MEM,"$2,641,691",,,,,,,"$4,858,309",https://www.basketball-reference.com/players/r/rondora01.html
218,219,Bruce Brown,BRK,"$4,736,102",,,,,,,"$4,736,102",https://www.basketball-reference.com/players/b/brownbr01.html
219,220,Deni Avdija,WAS,"$4,692,840","$4,916,160","$6,263,188",,,,1st Round Pick,"$9,609,000",https://www.basketball-reference.com/players/a/avdijde01.html
220,221,Donte DiVincenzo,SAC,"$4,675,830",,,,,,1st Round Pick,"$4,675,830",https://www.basketball-reference.com/players/d/divindo01.html
221,222,Cam Reddish,NYK,"$4,670,160","$5,954,454",,,,,1st Round Pick,"$10,624,614",https://www.basketball-reference.com/players/r/reddica01.html
222,223,David Nwaba,HOU,"$4,650,000","$5,022,000","$5,394,000",,,,Early Bird,"$9,672,000",https://www.basketball-reference.com/players/n/nwabada01.html
223,224,Furkan Korkmaz,PHI,"$4,629,630","$5,000,000","$5,370,370",,,,Bird,"$15,000,000",https://www.basketball-reference.com/players/k/korkmfu01.html
224,225,Davion Mitchell,SAC,"$4,603,320","$4,833,600","$5,063,760","$6,451,230",,,1st Round Pick,"$9,436,920",https://www.basketball-reference.com/players/m/mitchda01.html
225,226,Ish Smith,WAS,"$4,500,000","$4,725,000",,,,,Room Exception,"$4,500,000",https://www.basketball-reference.com/players/s/smithis01.html
226,227,Jeff Green,DEN,"$4,500,000","$4,500,000",,,,,MLE,"$4,500,000",https://www.basketball-reference.com/players/g/greenje02.html
227,228,Jalen Smith,IND,"$4,458,000","$4,670,160","$5,954,454",,,,1st Round Pick,"$4,458,000",https://www.basketball-reference.com/players/s/smithja04.html
228,229,Lonnie Walker IV,SAS,"$4,447,896",,,,,,1st Round Pick,"$4,447,896",https://www.basketball-reference.com/players/w/walkelo01.html
229,230,Cameron Johnson,PHO,"$4,437,000","$5,887,899",,,,,1st Round Pick,"$10,324,899",https://www.basketball-reference.com/players/j/johnsca02.html
230,231,Ziaire Williams,MEM,"$4,373,160","$4,591,920","$4,810,200","$6,133,005",,,1st Round Pick,"$8,965,080",https://www.basketball-reference.com/players/w/willizi02.html
231,232,Maurice Harkless,SAC,"$4,347,600","$4,564,980",,,,,Non Bird,"$8,912,580",https://www.basketball-reference.com/players/h/harklma01.html
232,233,Bobby Portis,MIL,"$4,347,600","$4,564,980",,,,,Non Bird,"$4,347,600",https://www.basketball-reference.com/players/p/portibo01.html
233,234,Jarred Vanderbilt,MIN,"$4,259,259","$4,600,000","$4,940,741",,,,Bird,"$13,800,000",https://www.basketball-reference.com/players/v/vandeja01.html
234,235,Kevin Huerter,ATL,"$4,253,357","$14,508,929","$15,669,643","$16,830,357","$17,991,071",,1st Round Pick,"$69,253,357",https://www.basketball-reference.com/players/h/huertke01.html
235,236,Devin Vassell,SAS,"$4,235,160","$4,437,000","$5,887,899",,,,1st Round Pick,"$8,672,160",https://www.basketball-reference.com/players/v/vassede01.html
236,237,P.J. Washington,CHO,"$4,215,120","$5,808,435",,,,,1st Round Pick,"$10,023,555",https://www.basketball-reference.com/players/w/washipj01.html
237,238,James Bouknight,CHO,"$4,154,400","$4,362,240","$4,570,080","$6,064,496",,,1st Round Pick,"$8,516,640",https://www.basketball-reference.com/players/b/bouknja01.html
238,239,Josh Okogie,MIN,"$4,087,904",,,,,,1st Round Pick,"$4,087,904",https://www.basketball-reference.com/players/o/okogijo01.html
239,240,Grayson Allen,MIL,"$4,054,695","$9,615,385","$10,384,615",,,,1st Round Pick,"$24,054,695",https://www.basketball-reference.com/players/a/allengr01.html
240,241,Tyrese Haliburton,IND,"$4,023,600","$4,215,120","$5,808,435",,,,1st Round Pick,"$8,238,720",https://www.basketball-reference.com/players/h/halibty01.html
241,242,Tyler Herro,MIA,"$4,004,280","$5,722,116",,,,,1st Round Pick,"$9,726,396",https://www.basketball-reference.com/players/h/herroty01.html
242,243,Dorian Finney-Smith,DAL,"$4,000,000","$12,402,000","$13,394,160","$14,386,320","$15,378,480",,Bird Rights,"$44,182,480",https://www.basketball-reference.com/players/f/finnedo01.html
243,244,Terence Davis,SAC,"$4,000,000","$4,000,000",,,,,Early Bird,"$8,000,000",https://www.basketball-reference.com/players/d/daviste02.html
244,245,George Hill,MIL,"$4,000,000","$4,000,000",,,,,MLE,"$8,000,000",https://www.basketball-reference.com/players/h/hillge01.html
245,246,Gorgui Dieng,ATL,"$4,000,000",,,,,,MLE,"$4,000,000",https://www.basketball-reference.com/players/d/dienggo01.html
246,247,Aaron Holiday,PHO,"$3,980,551",,,,,,1st Round Pick,"$3,980,551",https://www.basketball-reference.com/players/h/holidaa01.html
247,248,Joshua Primo,SAS,"$3,946,800","$4,144,320","$4,341,600","$5,982,725",,,1st Round Pick,"$8,091,120",https://www.basketball-reference.com/players/p/primojo01.html
248,249,Jake Layman,MIN,"$3,940,184",,,,,,Sign and Trade,"$3,940,184",https://www.basketball-reference.com/players/l/laymaja01.html
249,250,Anfernee Simons,POR,"$3,938,818",,,,,,1st Round Pick,"$3,938,818",https://www.basketball-reference.com/players/s/simonan01.html
250,251,Justise Winslow,POR,"$3,902,439","$4,097,561",,,,,Mini MLE,"$8,000,000",https://www.basketball-reference.com/players/w/winslju01.html
251,252,Kira Lewis Jr.,NOP,"$3,822,240","$4,004,280","$5,722,116",,,,1st Round Pick,"$7,826,520",https://www.basketball-reference.com/players/l/lewiski01.html
252,253,Romeo Langford,SAS,"$3,804,360","$5,634,257",,,,,1st Round Pick,"$9,438,617",https://www.basketball-reference.com/players/l/langfro01.html
253,254,Facundo Campazzo,DEN,"$3,804,150",,,,,,Bi-Annual Exception,"$3,804,150",https://www.basketball-reference.com/players/c/campafa01.html
254,255,Landry Shamet,PHO,"$3,768,342","$9,598,214","$10,366,071","$11,133,929","$11,901,786",,1st Round Pick,"$46,768,342",https://www.basketball-reference.com/players/s/shamela01.html
255,256,Chris Duarte,IND,"$3,749,520","$3,936,960","$4,124,280","$5,893,596",,,1st Round Pick,"$7,686,480",https://www.basketball-reference.com/players/d/duartch01.html
256,257,Alex Len,SAC,"$3,731,707","$3,918,293",,,,,Bi-Annual Exception,"$7,650,000",https://www.basketball-reference.com/players/l/lenal01.html
257,258,Robert Williams,BOS,"$3,661,976","$10,700,000","$11,556,000","$12,412,000","$13,268,000",,1st Round Pick,"$51,597,976",https://www.basketball-reference.com/players/w/williro04.html
258,259,Jevon Carter,BRK,"$4,107,149","$3,925,000",,,,,,"$7,575,000",https://www.basketball-reference.com/players/c/carteje01.html
259,260,Aaron Nesmith,BOS,"$3,631,200","$3,804,360","$5,634,257",,,,1st Round Pick,"$7,435,560",https://www.basketball-reference.com/players/n/nesmiaa01.html
260,261,Moses Moody,GSW,"$3,562,080","$3,740,160","$3,918,480","$5,803,269",,,1st Round Pick,"$7,302,240",https://www.basketball-reference.com/players/m/moodymo01.html
261,262,Boban Marjanović,DAL,"$3,500,000","$3,500,000",,,,,Early Bird,"$7,000,000",https://www.basketball-reference.com/players/m/marjabo01.html
262,263,Mike Muscala,OKC,"$3,500,000","$3,500,000",,,,,MLE,"$3,500,000",https://www.basketball-reference.com/players/m/muscami01.html
263,264,Cole Anthony,ORL,"$3,449,400","$3,613,680","$5,539,771",,,,1st Round Pick,"$7,063,080",https://www.basketball-reference.com/players/a/anthoco01.html
264,265,Corey Kispert,WAS,"$3,383,640","$3,552,960","$3,722,040","$5,705,887",,,1st Round Pick,"$6,936,600",https://www.basketball-reference.com/players/k/kispeco01.html
265,266,Trey Burke,DAL,"$3,333,333","$3,492,063",,,,,MLE,"$3,333,333",https://www.basketball-reference.com/players/b/burketr01.html
266,267,Georges Niang,PHI,"$3,300,000","$3,465,000",,,,,MLE,"$6,765,000",https://www.basketball-reference.com/players/n/niangge01.html
267,268,Chuma Okeke,ORL,"$3,277,080","$3,433,320","$5,266,713",,,,1st Round Pick,"$6,710,400",https://www.basketball-reference.com/players/o/okekech01.html
268,269,Isaiah Stewart,DET,"$3,277,080","$3,433,320","$5,266,713",,,,1st Round Pick,"$6,710,400",https://www.basketball-reference.com/players/s/stewais01.html
269,270,Nickeil Alexander-Walker,UTA,"$3,261,480","$5,009,633",,,,,1st Round Pick,"$8,271,113",https://www.basketball-reference.com/players/a/alexani01.html
270,271,Alperen Şengün,HOU,"$3,214,680","$3,375,480","$3,536,400","$5,424,838",,,1st Round Pick,"$6,590,160",https://www.basketball-reference.com/players/s/sengual01.html
271,272,Nicolas Batum,LAC,"$12,213,507","$12,372,008",,,,,Non Bird,"$3,170,029",https://www.basketball-reference.com/players/b/batumni01.html
272,273,Jon Leuer,MIL,"$3,169,347",,,,,,,"$3,169,347",https://www.basketball-reference.com/players/l/leuerjo01.html
273,274,Aleksej Pokusevski,OKC,"$3,113,160","$3,261,480","$5,009,633",,,,1st Round Pick,"$6,374,640",https://www.basketball-reference.com/players/p/pokusal01.html
274,275,Goga Bitadze,IND,"$3,098,400","$4,765,339",,,,,1st Round Pick,"$7,863,739",https://www.basketball-reference.com/players/b/bitadgo01.html
275,276,Trey Murphy III,NOP,"$3,053,760","$3,206,640","$3,359,280","$5,159,854",,,1st Round Pick,"$6,260,400",https://www.basketball-reference.com/players/m/murphtr02.html
276,277,Sterling Brown,DAL,"$3,000,000","$3,000,000",,,,,Bi-Annual Exception,"$6,000,000",https://www.basketball-reference.com/players/b/brownst02.html
277,278,Michael Carter-Williams,ORL,"$3,000,000",,,,,,,"$3,000,000",https://www.basketball-reference.com/players/c/cartemi01.html
278,279,Frank Jackson,DET,"$3,000,000","$3,150,000",,,,,Cap Space,"$3,000,000",https://www.basketball-reference.com/players/j/jacksfr01.html
279,280,Josh Green,DAL,"$2,957,520","$3,098,400","$4,765,339",,,,1st Round Pick,"$6,055,920",https://www.basketball-reference.com/players/g/greenjo02.html
280,281,Tre Mann,OKC,"$2,901,240","$3,046,200","$3,191,280","$4,908,189",,,1st Round Pick,"$5,947,440",https://www.basketball-reference.com/players/m/manntr01.html
281,282,Dewayne Dedmon,DET,"$5,256,308","$2,866,667","$2,866,667","$2,866,667",,,,"$11,466,668",https://www.basketball-reference.com/players/d/dedmode01.html
282,283,Andrew Nicholson,POR,"$2,844,429","$2,844,429","$2,844,429",,,,,"$8,533,287",https://www.basketball-reference.com/players/n/nichoan01.html
283,284,Matisse Thybulle,PHI,"$2,840,160","$4,379,527",,,,,1st Round Pick,"$7,219,687",https://www.basketball-reference.com/players/t/thybuma01.html
284,285,Saddiq Bey,DET,"$2,824,320","$2,959,080","$4,556,983",,,,1st Round Pick,"$5,783,400",https://www.basketball-reference.com/players/b/beysa01.html
285,286,Kai Jones,CHO,"$2,770,560","$2,909,160","$3,047,760","$4,693,550",,,1st Round Pick,"$5,679,720",https://www.basketball-reference.com/players/j/joneska01.html
286,287,Brandon Clarke,MEM,"$2,726,880","$4,343,920",,,,,1st Round Pick,"$7,070,800",https://www.basketball-reference.com/players/c/clarkbr01.html
287,288,Precious Achiuwa,TOR,"$2,711,280","$2,840,160","$4,379,527",,,,1st Round Pick,"$5,551,440",https://www.basketball-reference.com/players/a/achiupr01.html
288,289,Jalen Johnson,ATL,"$2,659,560","$2,792,520","$2,925,480","$4,511,090",,,1st Round Pick,"$5,452,080",https://www.basketball-reference.com/players/j/johnsja05.html
289,290,Paul Millsap,PHI,"$2,641,691",,,,,,Minimum Salary,"$2,641,691",https://www.basketball-reference.com/players/m/millspa01.html
290,291,E'Twaun Moore,ORL,"$2,641,691",,,,,,,"$2,641,691",https://www.basketball-reference.com/players/m/mooreet01.html
291,292,Udonis Haslem,MIA,"$2,641,691",,,,,,Minimum Salary,"$2,641,691",https://www.basketball-reference.com/players/h/hasleud01.html
292,293,Markieff Morris,MIA,"$2,641,691",,,,,,Minimum Salary,"$2,641,691",https://www.basketball-reference.com/players/m/morrima02.html
293,294,Trevor Ariza,LAL,"$2,641,691",,,,,,,"$2,641,691",https://www.basketball-reference.com/players/a/arizatr01.html
294,295,DeAndre Jordan,LAL,"$11,109,327","$7,827,907",,,,,,"$2,641,691",https://www.basketball-reference.com/players/j/jordade01.html
295,296,Dwight Howard,LAL,"$2,641,691",,,,,,Minimum Salary,"$2,641,691",https://www.basketball-reference.com/players/h/howardw01.html
296,297,Wayne Ellington,LAL,"$2,641,691",,,,,,Minimum Salary,"$2,641,691",https://www.basketball-reference.com/players/e/ellinwa01.html
297,298,Carmelo Anthony,LAL,"$2,641,691",,,,,,Minimum Salary,"$2,641,691",https://www.basketball-reference.com/players/a/anthoca01.html
298,299,Enes Freedom,HOU,"$2,641,691",,,,,,,"$2,641,691",https://www.basketball-reference.com/players/k/kanteen01.html
299,300,Andre Iguodala,GSW,"$2,641,691",,,,,,Minimum Salary,"$2,641,691",https://www.basketball-reference.com/players/i/iguodan01.html
300,301,Rajon Rondo,CLE,"$2,641,691",,,,,,Minimum Salary,"$2,641,691",https://www.basketball-reference.com/players/r/rondora01.html
301,302,James Johnson,BRK,"$2,641,691",,,,,,,"$2,641,691",https://www.basketball-reference.com/players/j/johnsja01.html
302,303,Blake Griffin,BRK,"$32,405,817",,,,,,Minimum Salary,"$2,641,691",https://www.basketball-reference.com/players/g/griffbl01.html
303,304,LaMarcus Aldridge,BRK,"$2,641,691",,,,,,Minimum Salary,"$2,641,691",https://www.basketball-reference.com/players/a/aldrila01.html
304,305,Avery Bradley,LAL,"$2,641,691",,,,,,,,https://www.basketball-reference.com/players/b/bradlav01.html
305,306,Ed Davis,CLE,"$2,641,691",,,,,,,,https://www.basketball-reference.com/players/d/davised01.html
306,307,Grant Williams,BOS,"$2,617,800","$4,306,281",,,,,1st Round Pick,"$6,924,081",https://www.basketball-reference.com/players/w/willigr01.html
307,308,Tyrese Maxey,PHI,"$2,602,920","$2,726,880","$4,343,920",,,,1st Round Pick,"$5,329,800",https://www.basketball-reference.com/players/m/maxeyty01.html
308,309,Keon Johnson,POR,"$2,553,120","$2,681,040","$2,808,720","$4,474,291",,,1st Round Pick,"$5,234,160",https://www.basketball-reference.com/players/j/johnske07.html
309,310,Darius Bazley,OKC,"$2,513,040","$4,264,629",,,,,1st Round Pick,"$6,777,669",https://www.basketball-reference.com/players/b/bazleda01.html
310,311,Trey Lyles,SAC,"$2,500,000","$2,625,000",,,,,Cap Space,"$2,500,000",https://www.basketball-reference.com/players/l/lylestr01.html
311,312,Zeke Nnaji,DEN,"$2,498,760","$2,617,800","$4,306,281",,,,1st Round Pick,"$5,116,560",https://www.basketball-reference.com/players/n/nnajize01.html
312,313,Isaiah Jackson,IND,"$2,451,120","$2,573,760","$2,696,280","$4,435,381",,,1st Round Pick,"$5,024,880",https://www.basketball-reference.com/players/j/jacksis01.html
313,314,Ty Jerome,OKC,"$2,412,840","$4,220,057",,,,,1st Round Pick,"$6,632,897",https://www.basketball-reference.com/players/j/jeromty01.html
314,315,Hassan Whiteside,UTA,"$2,401,537",,,,,,Minimum Salary,"$2,401,537",https://www.basketball-reference.com/players/w/whiteha01.html
315,316,Kent Bazemore,LAL,"$2,401,537",,,,,,Minimum Salary,"$2,401,537",https://www.basketball-reference.com/players/b/bazemke01.html
316,317,Austin Rivers,DEN,"$2,401,537",,,,,,Minimum Salary,"$2,401,537",https://www.basketball-reference.com/players/r/riverau01.html
317,318,Andre Drummond,BRK,"$2,401,537",,,,,,Minimum Salary,"$2,401,537",https://www.basketball-reference.com/players/d/drumman01.html
318,319,Cory Joseph,DET,"$7,310,000","$5,155,000",,,,,,"$7,310,000",https://www.basketball-reference.com/players/j/josepco01.html
319,320,Cody Zeller,POR,"$2,389,641",,,,,,,"$2,389,641",https://www.basketball-reference.com/players/z/zelleco01.html
320,321,Ben McLemore,POR,"$2,389,641",,,,,,Minimum Salary,"$2,389,641",https://www.basketball-reference.com/players/m/mclembe01.html
321,322,Solomon Hill,NYK,"$2,389,641",,,,,,,"$2,389,641",https://www.basketball-reference.com/players/h/hillso01.html
322,323,Tony Snell,NOP,"$2,389,641",,,,,,Minimum Salary,"$2,389,641",https://www.basketball-reference.com/players/s/snellto01.html
323,324,Victor Oladipo,MIA,"$2,389,641",,,,,,Minimum Salary,"$2,389,641",https://www.basketball-reference.com/players/o/oladivi01.html
324,325,Dewayne Dedmon,MIA,"$5,256,308","$2,866,667","$2,866,667","$2,866,667",,,Minimum Salary,"$2,389,641",https://www.basketball-reference.com/players/d/dedmode01.html
325,326,Otto Porter Jr.,GSW,"$2,389,641",,,,,,Minimum Salary,"$2,389,641",https://www.basketball-reference.com/players/p/porteot01.html
326,327,Leandro Bolmaro,MIN,"$2,353,320","$2,471,160","$2,588,400","$4,392,515",,,1st Round Pick,"$4,824,480",https://www.basketball-reference.com/players/b/bolmale01.html
327,328,Usman Garuba,HOU,"$2,353,320","$2,471,160","$2,588,400","$4,392,515",,,1st Round Pick,"$4,824,480",https://www.basketball-reference.com/players/g/garubus01.html
328,329,Willy Hernangómez,NOP,"$2,327,220","$2,443,581","$2,559,942",,,,Non Bird,"$4,770,801",https://www.basketball-reference.com/players/h/hernawi01.html
329,330,Nassir Little,POR,"$2,316,240","$4,171,548",,,,,1st Round Pick,"$6,487,788",https://www.basketball-reference.com/players/l/littlna01.html
330,331,R.J. Hampton,ORL,"$2,303,040","$2,412,840","$4,220,057",,,,1st Round Pick,"$4,715,880",https://www.basketball-reference.com/players/h/hamptrj01.html
331,332,Josh Christopher,HOU,"$2,259,240","$2,372,160","$2,485,200","$4,346,615",,,1st Round Pick,"$4,631,400",https://www.basketball-reference.com/players/c/chrisjo01.html
332,333,Monta Ellis,IND,"$2,245,400",,,,,,,"$2,245,400",https://www.basketball-reference.com/players/e/ellismo01.html
333,334,Elfrid Payton,PHO,"$2,239,544",,,,,,Minimum Salary,"$2,239,544",https://www.basketball-reference.com/players/p/paytoel01.html
334,335,Rodney Hood,LAC,"$2,239,544",,,,,,Minimum Salary,"$2,239,544",https://www.basketball-reference.com/players/h/hoodro01.html
335,336,Dylan Windler,CLE,"$2,239,200","$4,037,278",,,,,1st Round Pick,"$6,276,478",https://www.basketball-reference.com/players/w/windldy01.html
336,337,Immanuel Quickley,NYK,"$2,210,640","$2,316,240","$4,171,548",,,,1st Round Pick,"$4,526,880",https://www.basketball-reference.com/players/q/quickim01.html
337,338,John Konchar,MEM,"$2,197,674","$2,302,326","$2,406,977",,,,MLE,"$6,906,977",https://www.basketball-reference.com/players/k/konchjo01.html
338,339,Quentin Grimes,NYK,"$2,168,760","$2,277,000","$2,385,720","$4,296,682",,,1st Round Pick,"$4,445,760",https://www.basketball-reference.com/players/g/grimequ01.html
339,340,Jordan Poole,GSW,"$2,161,440","$3,901,399",,,,,1st Round Pick,"$6,062,839",https://www.basketball-reference.com/players/p/poolejo01.html
340,341,Bol Bol,ORL,"$2,161,152",,,,,,MLE,"$2,161,152",https://www.basketball-reference.com/players/b/bolbo01.html
341,342,Keldon Johnson,SAS,"$2,145,720","$3,873,025",,,,,1st Round Pick,"$6,018,745",https://www.basketball-reference.com/players/j/johnske04.html
342,343,Payton Pritchard,BOS,"$2,137,440","$2,239,200","$4,037,278",,,,1st Round Pick,"$4,376,640",https://www.basketball-reference.com/players/p/pritcpa01.html
343,344,Kevin Porter Jr.,HOU,"$2,130,240","$3,845,083",,,,,1st Round Pick,"$5,975,323",https://www.basketball-reference.com/players/p/porteke02.html
344,345,Bones Hyland,DEN,"$2,096,880","$2,201,400","$2,306,400","$4,158,439",,,1st Round Pick,"$4,298,280",https://www.basketball-reference.com/players/h/hylanbo01.html
345,346,Raul Neto,WAS,"$2,089,448",,,,,,Minimum Salary,"$2,089,448",https://www.basketball-reference.com/players/n/netora01.html
346,347,Frank Kaminsky,PHO,"$2,089,448",,,,,,,"$2,089,448",https://www.basketball-reference.com/players/k/kaminfr01.html
347,348,Nemanja Bjelica,GSW,"$2,089,448",,,,,,Minimum Salary,"$2,089,448",https://www.basketball-reference.com/players/b/bjeline01.html
348,349,Udoka Azubuike,UTA,"$2,075,880","$2,174,880","$3,923,484",,,,1st Round Pick,"$4,250,760",https://www.basketball-reference.com/players/a/azubuud01.html
349,350,Jaden McDaniels,MIN,"$2,063,280","$2,161,440","$3,901,399",,,,1st Round Pick,"$4,224,720",https://www.basketball-reference.com/players/m/mcdanja02.html
350,351,Malachi Flynn,TOR,"$2,048,040","$2,145,720","$3,873,025",,,,1st Round Pick,"$4,193,760",https://www.basketball-reference.com/players/f/flynnma01.html
351,352,Cam Thomas,BRK,"$2,036,280","$2,138,160","$2,240,040","$4,041,032",,,1st Round Pick,"$4,174,440",https://www.basketball-reference.com/players/t/thomaca02.html
352,353,Desmond Bane,MEM,"$2,033,160","$2,130,240","$3,845,083",,,,1st Round Pick,"$4,163,400",https://www.basketball-reference.com/players/b/banede01.html
353,354,Jaden Springer,PHI,"$2,023,800","$2,125,200","$2,226,360","$4,018,580",,,1st Round Pick,"$4,149,000",https://www.basketball-reference.com/players/s/sprinja01.html
354,355,Day'Ron Sharpe,BRK,"$2,009,040","$2,109,360","$2,210,160","$3,989,339",,,1st Round Pick,"$4,118,400",https://www.basketball-reference.com/players/s/sharpda01.html
355,356,Jeremiah Robinson-Earl,OKC,"$2,000,000","$2,000,000","$1,900,000","$1,988,598",,,MLE,"$4,000,000",https://www.basketball-reference.com/players/r/robinje02.html
356,357,Killian Tillie,MEM,"$2,000,000","$2,000,000",,,,,Room Exception,"$4,000,000",https://www.basketball-reference.com/players/t/tilliki02.html
357,358,Abdel Nader,PHO,"$2,000,000",,,,,,,"$2,000,000",https://www.basketball-reference.com/players/n/naderab01.html
358,359,Théo Maledon,OKC,"$2,000,000","$1,900,000","$1,930,681",,,,MLE,"$2,000,000",https://www.basketball-reference.com/players/m/maledth01.html
359,360,Kenrich Williams,OKC,"$2,000,000","$2,000,000",,,,,,,https://www.basketball-reference.com/players/w/willike04.html
360,361,Santi Aldama,MEM,"$1,994,520","$2,094,240","$2,194,200","$3,960,531",,,1st Round Pick,"$4,088,760",https://www.basketball-reference.com/players/a/aldamsa01.html
361,362,Damian Jones,SAC,"$1,977,011",,,,,,,,https://www.basketball-reference.com/players/j/jonesda03.html
362,363,Wesley Matthews,MIL,"$1,958,501",,,,,,,,https://www.basketball-reference.com/players/m/matthwe02.html
363,364,Rodney McGruder,DET,"$1,939,350",,,,,,Minimum Salary,"$1,939,350",https://www.basketball-reference.com/players/m/mcgruro01.html
364,365,DeAndre' Bembry,BRK,"$2,541,217",,,,,,,"$1,939,350",https://www.basketball-reference.com/players/b/bembrde01.html
365,366,Gary Payton II,GSW,"$1,939,350",,,,,,Minimum Salary,"$350,000",https://www.basketball-reference.com/players/p/paytoga02.html
366,367,Timothé Luwawu-Cabarrot,ATL,"$1,939,350",,,,,,,,https://www.basketball-reference.com/players/l/luwawti01.html
367,368,PJ Dozier,ORL,"$1,910,860",,,,,,,"$1,910,860",https://www.basketball-reference.com/players/d/doziepj01.html
368,369,Damion Lee,GSW,"$1,910,860",,,,,,,,https://www.basketball-reference.com/players/l/leeda03.html
369,370,Larry Sanders,MIL,"$1,865,547",,,,,,,"$1,865,547",https://www.basketball-reference.com/players/s/sandela01.html
370,371,Shake Milton,PHI,"$1,846,738","$1,997,718",,,,,Cap Space,"$1,846,738",https://www.basketball-reference.com/players/m/miltosh01.html
371,372,Mitchell Robinson,NYK,"$1,802,057",,,,,,MLE,"$1,802,057",https://www.basketball-reference.com/players/r/robinmi01.html
372,373,Jalen Brunson,DAL,"$1,802,057",,,,,,,,https://www.basketball-reference.com/players/b/brunsja01.html
373,374,Dennis Smith Jr.,POR,"$1,789,256",,,,,,,"$1,789,256",https://www.basketball-reference.com/players/s/smithde03.html
374,375,Malik Monk,LAL,"$1,789,256",,,,,,Minimum Salary,"$1,789,256",https://www.basketball-reference.com/players/m/monkma01.html
375,376,Semi Ojeleye,LAC,"$1,789,256",,,,,,,"$1,789,256",https://www.basketball-reference.com/players/o/ojelese01.html
376,377,Frank Ntilikina,DAL,"$1,789,256","$2,036,318",,,,,Minimum Salary,"$1,789,256",https://www.basketball-reference.com/players/n/ntilila01.html
377,378,Tony Bradley,CHI,"$1,789,256","$2,036,318",,,,,Minimum Salary,"$1,789,256",https://www.basketball-reference.com/players/b/bradlto01.html
378,379,Didi Louzada,POR,"$1,786,878","$1,876,222","$1,965,566","$2,057,646",,,Non Bird,"$3,663,100",https://www.basketball-reference.com/players/l/louzama01.html
379,380,Daniel Gafford,WAS,"$1,782,621","$1,930,681","$12,402,000","$13,394,160","$14,386,320",,Minimum Salary,"$43,895,782",https://www.basketball-reference.com/players/g/gaffoda01.html
380,381,Terance Mann,LAC,"$1,782,621","$1,930,681","$10,576,923","$11,423,077",,,Minimum Salary,"$25,713,302",https://www.basketball-reference.com/players/m/mannte01.html
381,382,Eric Paschall,UTA,"$1,782,621",,,,,,MLE,"$1,782,621",https://www.basketball-reference.com/players/p/pascher01.html
382,383,KZ Okpala,OKC,"$1,782,621",,,,,,,"$1,782,621",https://www.basketball-reference.com/players/o/okpalkz01.html
383,384,Carsen Edwards,MEM,"$76,744","$1,815,677",,,,,,"$1,782,621",https://www.basketball-reference.com/players/e/edwarca01.html
384,385,Bruno Fernando,HOU,"$1,782,621",,,,,,Cap space,"$1,782,621",https://www.basketball-reference.com/players/f/fernabr01.html
385,386,Cody Martin,CHO,"$1,782,621",,,,,,MLE,"$1,782,621",https://www.basketball-reference.com/players/m/martico01.html
386,387,Nic Claxton,BRK,"$1,782,621",,,,,,Minimum Salary,"$1,782,621",https://www.basketball-reference.com/players/c/claxtni01.html
387,388,Luguentz Dort,OKC,"$1,782,621","$1,930,681",,,,,Minimum Salary,"$625,000",https://www.basketball-reference.com/players/d/dortlu01.html
388,389,Isaiah Roby,OKC,"$1,782,621","$1,930,681",,,,,,,https://www.basketball-reference.com/players/r/robyis01.html
389,390,Jaylen Nowell,MIN,"$1,782,621","$1,930,681",,,,,,,https://www.basketball-reference.com/players/n/nowelja01.html
390,391,Naz Reid,MIN,"$1,782,621","$1,930,681",,,,,,,https://www.basketball-reference.com/players/r/reidna01.html
391,392,Vlatko Čančar,DEN,"$1,782,621",,,,,,,,https://www.basketball-reference.com/players/c/cancavl01.html
392,393,Dean Wade,CLE,"$1,782,621","$1,930,681",,,,,,,https://www.basketball-reference.com/players/w/wadede01.html
393,394,Jalen McDaniels,CHO,"$1,782,621","$1,930,681",,,,,,,https://www.basketball-reference.com/players/m/mcdanja01.html
394,395,Drew Eubanks,TOR,"$1,762,796",,,,,,,"$1,762,796",https://www.basketball-reference.com/players/e/eubandr01.html
395,396,Chimezie Metu,SAC,"$1,762,796","$1,910,860",,,,,,,https://www.basketball-reference.com/players/m/metuch01.html
396,397,Yuta Watanabe,TOR,"$1,762,769",,,,,,,,https://www.basketball-reference.com/players/w/watanyu01.html
397,398,Svi Mykhailiuk,TOR,"$1,729,217","$1,878,720",,,,,Minimum Salary,"$1,729,217",https://www.basketball-reference.com/players/m/mykhasv01.html
398,399,Keita Bates-Diop,SAS,"$1,729,217","$1,878,720",,,,,Minimum Salary,"$1,729,217",https://www.basketball-reference.com/players/b/bateske01.html
399,400,Moritz Wagner,ORL,"$1,729,217","$1,878,720",,,,,Minimum Salary,"$1,729,217",https://www.basketball-reference.com/players/w/wagnemo01.html
400,401,Thanasis Antetokounmpo,MIL,"$1,729,217","$1,878,720",,,,,Minimum Salary,"$1,729,217",https://www.basketball-reference.com/players/a/antetth01.html
401,402,Isaac Bonga,TOR,"$1,729,217",,,,,,,,https://www.basketball-reference.com/players/b/bongais01.html
402,403,Isaiah Hartenstein,LAC,"$3,430,810",,,,,,,,https://www.basketball-reference.com/players/h/harteis01.html
403,404,Juan Toscano-Anderson,GSW,"$1,701,593",,,,,,Minimum Salary,"$1,701,593",https://www.basketball-reference.com/players/t/toscaju01.html
404,405,Moses Brown,DAL,"$1,720,779",,,,,,,"$1,701,593",https://www.basketball-reference.com/players/b/brownmo01.html
405,406,Oshae Brissett,IND,"$1,701,593","$1,846,738",,,,,,,https://www.basketball-reference.com/players/b/brissos01.html
406,407,Isaiah Hartenstein,CLE,"$3,430,810",,,,,,,,https://www.basketball-reference.com/players/h/harteis01.html
407,408,Herbert Jones,NOP,"$1,700,000","$1,785,000","$1,836,096",,,,MLE,"$3,485,000",https://www.basketball-reference.com/players/j/joneshe01.html
408,409,Gabriel Deck,OKC,"$1,690,507",,,,,,Cap Space,"$1,690,507",https://www.basketball-reference.com/players/d/deckga01.html
409,410,Jordan McLaughlin,MIN,"$1,669,178","$1,815,677","$1,968,182",,,,Early Bird,"$5,453,037",https://www.basketball-reference.com/players/m/mclaujo01.html
410,411,Javonte Green,CHI,"$1,669,178","$1,815,677",,,,,Minimum Salary,"$3,484,855",https://www.basketball-reference.com/players/g/greenja02.html
411,412,Max Strus,MIA,"$1,669,178","$1,815,677",,,,,Minimum Salary,"$1,669,178",https://www.basketball-reference.com/players/s/strusma01.html
412,413,Gabe Vincent,MIA,"$1,669,178","$1,815,677",,,,,Minimum Salary,"$1,669,178",https://www.basketball-reference.com/players/v/vincega01.html
413,414,Kevin Pangos,CLE,"$1,669,178",,,,,,,"$1,669,178",https://www.basketball-reference.com/players/p/pangoke01.html
414,415,Matt Thomas,CHI,"$1,669,178",,,,,,Minimum Salary,"$1,669,178",https://www.basketball-reference.com/players/t/thomama02.html
415,416,Vernon Carey Jr.,WAS,"$1,517,981","$1,782,621","$1,930,681",,,,Cap Space,"$3,300,602",https://www.basketball-reference.com/players/c/careyve01.html
416,417,Xavier Tillman Sr.,MEM,"$1,517,981","$1,782,621","$1,930,681",,,,MLE,"$3,300,602",https://www.basketball-reference.com/players/t/tillmxa01.html
417,418,Tyrell Terry,DAL,"$1,517,981","$1,782,621",,,,,,"$3,300,602",https://www.basketball-reference.com/players/t/terryty01.html
418,419,Tre Jones,SAS,"$1,517,981","$1,782,621",,,,,MLE,"$1,517,981",https://www.basketball-reference.com/players/j/jonestr01.html
419,420,Robert Woodard II,SAC,"$1,517,981",,,,,,,"$1,517,981",https://www.basketball-reference.com/players/w/woodaro01.html
420,421,Jahmi'us Ramsey,SAC,"$1,517,981",,,,,,,"$1,517,981",https://www.basketball-reference.com/players/r/ramseja01.html
421,422,CJ Elleby,POR,"$1,517,981",,,,,,Minimum Salary,"$1,517,981",https://www.basketball-reference.com/players/e/ellebcj01.html
422,423,Elijah Hughes,POR,"$1,517,981",,,,,,Minimum Salary,"$1,517,981",https://www.basketball-reference.com/players/h/hugheel01.html
423,424,Isaiah Joe,PHI,"$1,517,981","$1,782,621",,,,,MLE,"$1,517,981",https://www.basketball-reference.com/players/j/joeis01.html
424,425,Naji Marshall,NOP,"$1,517,981","$1,782,621","$1,930,681",,,,MLE,"$1,517,981",https://www.basketball-reference.com/players/m/marshna01.html
425,426,Jordan Nwora,MIL,"$1,517,981",,,,,,Minimum Salary,"$1,517,981",https://www.basketball-reference.com/players/n/nworajo01.html
426,427,Nick Richards,CHO,"$1,517,981","$1,782,621",,,,,Cap Space,"$1,517,981",https://www.basketball-reference.com/players/r/richani01.html
427,428,Anthony Gill,WAS,"$1,517,981",,,,,,,,https://www.basketball-reference.com/players/g/gillan01.html
428,429,Paul Reed,PHI,"$1,517,981","$1,782,621",,,,,,,https://www.basketball-reference.com/players/r/reedpa01.html
429,430,Kenyon Martin Jr.,HOU,"$1,517,981","$1,782,621","$1,930,681",,,,,,https://www.basketball-reference.com/players/m/martike04.html
430,431,Jae'Sean Tate,HOU,"$1,517,981","$1,782,621",,,,,,,https://www.basketball-reference.com/players/t/tateja01.html
431,432,Lamar Stevens,CLE,"$1,517,981","$1,782,621","$1,930,681",,,,,,https://www.basketball-reference.com/players/s/stevela01.html
432,433,Isaiah Todd,WAS,"$1,500,000","$1,563,518","$1,836,096","$1,988,598",,,MLE,"$4,899,614",https://www.basketball-reference.com/players/t/toddis01.html
433,434,Jose Alvarado,NOP,"$1,500,000","$1,563,518","$1,836,096","$1,988,598",,,MLE,"$3,063,518",https://www.basketball-reference.com/players/a/alvarjo01.html
434,435,Saben Lee,DET,"$1,489,065","$1,752,638","$1,902,137",,,,Cap Space,"$3,241,703",https://www.basketball-reference.com/players/l/leesa01.html
435,436,Omer Yurtseven,MIA,"$1,489,065","$1,752,638",,,,,Minimum Salary,"$1,489,065",https://www.basketball-reference.com/players/y/yurtsom01.html
436,437,Armoni Brooks,HOU,"$1,625,991","$1,752,638",,,,,,"$1,489,065",https://www.basketball-reference.com/players/b/brookar01.html
437,438,J.R. Smith,CLE,"$1,456,666",,,,,,,"$1,456,666",https://www.basketball-reference.com/players/s/smithjr01.html
438,439,Danuel House Jr.,HOU,"$2,045,094",,,,,,,"$1,387,498",https://www.basketball-reference.com/players/h/houseda01.html
439,440,Bismack Biyombo,PHO,"$1,366,392",,,,,,Minimum Salary,"$1,518,213",https://www.basketball-reference.com/players/b/biyombi01.html
440,441,George Hill,PHI,"$4,000,000","$4,000,000",,,,,,"$1,275,491",https://www.basketball-reference.com/players/h/hillge01.html
441,442,DeMarre Carroll,SAS,"$1,252,127",,,,,,,"$1,252,127",https://www.basketball-reference.com/players/c/carrode01.html
442,443,JT Thor,CHO,"$1,250,000","$1,563,518","$1,836,096","$1,988,598",,,Cap Space,"$2,813,518",https://www.basketball-reference.com/players/t/thorjt01.html
443,444,Garrison Mathews,HOU,"$1,093,598","$1,815,677","$1,968,182","$2,230,253",,,Cap Space,"$1,093,598",https://www.basketball-reference.com/players/m/mathega01.html
444,445,Alfonzo McKinnie,CHI,"$1,090,007",,,,,,,"$1,292,183",https://www.basketball-reference.com/players/m/mckinal01.html
445,446,Jabari Parker,BOS,"$1,068,288",,,,,,,"$1,168,288",https://www.basketball-reference.com/players/p/parkeja01.html
446,447,Jason Preston,LAC,"$1,062,303","$1,563,518","$1,836,096",,,,Mini MLE,"$2,625,821",https://www.basketball-reference.com/players/p/prestja01.html
447,448,Isaiah Livers,DET,"$1,057,260","$1,563,518","$1,836,096",,,,Cap Space,"$2,620,778",https://www.basketball-reference.com/players/l/liveris01.html
448,449,Guerschon Yabusele,BOS,"$1,039,080",,,,,,,"$1,039,080",https://www.basketball-reference.com/players/y/yabusgu01.html
449,450,Aaron Wiggins,OKC,"$1,000,000","$1,563,518","$1,836,096","$1,988,598",,,Cap Space,"$1,000,000",https://www.basketball-reference.com/players/w/wiggiaa01.html
450,451,Tristan Thompson,CHI,"$10,720,900",,,,,,Bi-Annual Exception,"$1,000,000",https://www.basketball-reference.com/players/t/thomptr01.html
451,452,Kyle Singler,OKC,"$999,200","$999,200",,,,,,"$1,998,400",https://www.basketball-reference.com/players/s/singlky01.html
452,453,Marquese Chriss,DAL,"$958,529","$2,193,920",,,,,Minimum Salary,"$3,486,820",https://www.basketball-reference.com/players/c/chrisma01.html
453,454,Jared Butler,UTA,"$925,258","$1,563,518",,,,,Minimum Salary,"$2,488,776",https://www.basketball-reference.com/players/b/butleja02.html
454,455,Greg Brown III,POR,"$925,258","$1,563,518","$1,836,096",,,,Mini MLE,"$2,488,776",https://www.basketball-reference.com/players/b/browngr01.html
455,456,Miles McBride,NYK,"$925,258","$1,563,518","$1,836,096",,,,Cap Space,"$2,488,776",https://www.basketball-reference.com/players/m/mcbrimi01.html
456,457,Brandon Boston Jr.,LAC,"$925,258","$1,563,518","$1,836,096",,,,Mini MLE,"$2,488,776",https://www.basketball-reference.com/players/b/bostobr01.html
457,458,Marko Simonovic,CHI,"$925,258","$1,563,518","$1,836,096",,,,MLE,"$2,488,776",https://www.basketball-reference.com/players/s/simonma01.html
458,459,Vit Krejci,OKC,"$925,258","$1,563,518","$1,836,096","$1,988,598",,,MLE,"$1,707,017",https://www.basketball-reference.com/players/k/krejcvi01.html
459,460,Charles Bassey,PHI,"$925,258","$1,563,518","$1,836,096",,,,MLE,"$1,000,000",https://www.basketball-reference.com/players/b/bassech01.html
460,461,Dalano Banton,TOR,"$925,258","$1,563,518",,,,,Minimum Salary,"$925,258",https://www.basketball-reference.com/players/b/bantoda01.html
461,462,Jock Landale,SAS,"$925,258","$1,563,518",,,,,Minimum Salary,"$925,258",https://www.basketball-reference.com/players/l/landajo01.html
462,463,Ayo Dosunmu,CHI,"$925,258","$1,563,518",,,,,Minimum Salary,"$925,258",https://www.basketball-reference.com/players/d/dosunay01.html
463,464,Austin Reaves,LAL,"$925,258",,,,,,,,https://www.basketball-reference.com/players/r/reaveau01.html
464,465,Luka Garza,DET,"$925,258",,,,,,,,https://www.basketball-reference.com/players/g/garzalu01.html
465,466,Lance Stephenson,IND,"$924,730",,,,,,Minimum Salary,"$1,476,806",https://www.basketball-reference.com/players/s/stephla01.html
466,467,Stanley Johnson,LAL,"$888,616","$2,351,521",,,,,Minimum Salary,"$1,248,865",https://www.basketball-reference.com/players/j/johnsst04.html
467,468,Miye Oni,OKC,"$850,331",,,,,,,"$850,331",https://www.basketball-reference.com/players/o/onimi01.html
468,469,Wayne Selden,NYK,"$785,102",,,,,,,"$785,102",https://www.basketball-reference.com/players/s/seldewa01.html
469,470,Goran Dragić,BRK,"$20,168,742",,,,,,Minimum Salary,"$728,742",https://www.basketball-reference.com/players/d/dragigo01.html
470,471,Brad Wanamaker,IND,"$705,598",,,,,,,"$705,598",https://www.basketball-reference.com/players/w/wanambr01.html
471,472,Alize Johnson,CHI,"$705,598",,,,,,,"$705,598",https://www.basketball-reference.com/players/j/johnsal02.html
472,473,DeMarcus Cousins,DEN,"$1,290,481",,,,,,Minimum Salary,"$1,138,659",https://www.basketball-reference.com/players/c/couside01.html
473,474,Shaun Livingston,GSW,"$666,666",,,,,,,"$666,666",https://www.basketball-reference.com/players/l/livinsh01.html
474,475,Sam Merrill,MEM,"$663,024",,,,,,Minimum Salary,"$663,024",https://www.basketball-reference.com/players/m/merrisa01.html
475,476,Danuel House Jr.,UTA,"$2,045,094",,,,,,Minimum Salary,"$991,967",https://www.basketball-reference.com/players/h/houseda01.html
476,477,D.J. Augustin,LAL,"$7,622,467","$333,333",,,,,Minimum Salary,"$622,467",https://www.basketball-reference.com/players/a/augusdj01.html
477,478,DeMarcus Cousins,MIL,"$1,290,481",,,,,,,"$607,285",https://www.basketball-reference.com/players/c/couside01.html
478,479,Luke Kornet,BOS,"$606,702",,,,,,Minimum Salary,"$606,702",https://www.basketball-reference.com/players/k/kornelu01.html
479,480,DeAndre' Bembry,MIL,"$2,541,217",,,,,,,"$601,867",https://www.basketball-reference.com/players/b/bembrde01.html
480,481,DeAndre Jordan,PHI,"$11,109,327","$7,827,907",,,,,Minimum Salary,"$592,103",https://www.basketball-reference.com/players/j/jordade01.html
481,482,Ryan Arcidiacono,NYK,"$586,136",,,,,,Minimum Salary,"$791,798",https://www.basketball-reference.com/players/a/arcidry01.html
482,483,Keifer Sykes,IND,"$558,345",,,,,,,"$558,345",https://www.basketball-reference.com/players/s/sykeske01.html
483,484,Caleb Martin,MIA,"$527,614",,,,,,Minimum Salary,"$527,614",https://www.basketball-reference.com/players/m/martica02.html
484,485,Tomáš Satoranský,WAS,"$10,468,119",,,,,,Minimum Salary,"$468,119",https://www.basketball-reference.com/players/s/satorto01.html
485,486,Georgios Kalaitzakis,MIL,"$462,629",,,,,,,"$462,629",https://www.basketball-reference.com/players/k/kalaige01.html
486,487,Jevon Carter,MIL,"$4,107,149","$3,925,000",,,,,Minimum Salary,"$457,149",https://www.basketball-reference.com/players/c/carteje01.html
487,488,Gary Clark,NOP,"$377,645",,,,,,,"$377,645",https://www.basketball-reference.com/players/c/clarkga01.html
488,489,Devontae Cacok,SAS,"$364,533",,,,,,Minimum Salary,"$364,533",https://www.basketball-reference.com/players/c/cacokde01.html
489,490,Sam Dekker,TOR,"$350,000",,,,,,,"$350,000",https://www.basketball-reference.com/players/d/dekkesa01.html
490,491,Sam Hauser,BOS,"$313,737","$1,563,518",,,,,Minimum Salary,"$313,737",https://www.basketball-reference.com/players/h/hausesa01.html
491,492,Admiral Schofield,OKC,,,,,,,,"$300,000",https://www.basketball-reference.com/players/s/schofad01.html
492,493,Daishen Nix,HOU,"$292,466","$1,563,518","$1,836,096","$1,988,598",,,Minimum Salary,"$5,680,678",https://www.basketball-reference.com/players/n/nixda01.html
493,494,Haywood Highsmith,MIA,"$290,967","$1,752,638","$1,902,137",,,,MLE,"$547,701",https://www.basketball-reference.com/players/h/highsha01.html
494,495,Isaiah Thomas,CHO,"$276,039",,,,,,Minimum Salary,"$552,077",https://www.basketball-reference.com/players/t/thomais02.html
495,496,Trendon Watford,POR,"$260,561","$1,563,518","$1,836,096","$1,988,598",,,MLE,"$5,648,773",https://www.basketball-reference.com/players/w/watfotr01.html
496,497,Ish Wainright,TOR,"$8,558",,,,,,,"$375,000",https://www.basketball-reference.com/players/w/wainris01.html
497,498,Malik Fitts,BOS,"$231,062","$1,752,638",,,,,Minimum Salary,"$402,218",https://www.basketball-reference.com/players/f/fittsma01.html
498,499,Joe Wieskamp,SAS,"$202,068",,,,,,Minimum Salary,"$202,068",https://www.basketball-reference.com/players/w/wieskjo01.html
499,500,Amir Coffey,LAC,"$153,488",,,,,,Minimum Salary,"$153,488",https://www.basketball-reference.com/players/c/coffeam01.html
500,501,Bismack Biyombo,PHO,"$1,366,392",,,,,,,"$1,518,213",https://www.basketball-reference.com/players/b/biyombi01.html
501,502,DeMarcus Cousins,DEN,"$1,290,481",,,,,,,"$1,138,659",https://www.basketball-reference.com/players/c/couside01.html
502,503,DeMarcus Cousins,DEN,"$1,290,481",,,,,,,"$1,138,659",https://www.basketball-reference.com/players/c/couside01.html
503,504,DeMarcus Cousins,DEN,"$1,290,481",,,,,,,"$1,138,659",https://www.basketball-reference.com/players/c/couside01.html
504,505,Lance Stephenson,IND,"$924,730",,,,,,,"$1,476,806",https://www.basketball-reference.com/players/s/stephla01.html
505,506,Lance Stephenson,IND,"$924,730",,,,,,,"$1,476,806",https://www.basketball-reference.com/players/s/stephla01.html
506,507,Lance Stephenson,IND,"$924,730",,,,,,,"$1,476,806",https://www.basketball-reference.com/players/s/stephla01.html
507,508,Lance Stephenson,IND,"$924,730",,,,,,,"$1,476,806",https://www.basketball-reference.com/players/s/stephla01.html
508,509,Isaiah Thomas,CHO,"$276,039",,,,,,,"$552,077",https://www.basketball-reference.com/players/t/thomais02.html
509,510,Isaiah Thomas,CHO,"$276,039",,,,,,,"$552,077",https://www.basketball-reference.com/players/t/thomais02.html
510,511,Brandon Knight,DAL,,,,,,,,"$276,038",https://www.basketball-reference.com/players/k/knighbr03.html
511,512,Brandon Knight,DAL,,,,,,,,"$276,038",https://www.basketball-reference.com/players/k/knighbr03.html
512,513,Greg Monroe,MIN,"$55,208",,,,,,,"$193,227",https://www.basketball-reference.com/players/m/monrogr01.html
513,514,Greg Monroe,WAS,"$55,208",,,,,,,"$138,019",https://www.basketball-reference.com/players/m/monrogr01.html
514,515,Greg Monroe,UTA,"$55,208",,,,,,,"$138,019",https://www.basketball-reference.com/players/m/monrogr01.html
515,516,Greg Monroe,MIL,"$55,208",,,,,,,"$138,019",https://www.basketball-reference.com/players/m/monrogr01.html
516,517,Isaiah Thomas,DAL,"$276,039",,,,,,,"$138,019",https://www.basketball-reference.com/players/t/thomais02.html
517,518,Lance Stephenson,ATL,"$924,730",,,,,,,"$138,019",https://www.basketball-reference.com/players/s/stephla01.html
518,519,Armoni Brooks,TOR,"$1,625,991","$1,752,638",,,,,Minimum Salary,"$308,082",https://www.basketball-reference.com/players/b/brookar01.html
519,520,Isaiah Thomas,LAL,"$276,039",,,,,,,"$135,680",https://www.basketball-reference.com/players/t/thomais02.html
520,521,Troy Williams,HOU,"$122,741","$122,741",,,,,,"$245,482",https://www.basketball-reference.com/players/w/willitr02.html
521,522,Stanley Johnson,LAL,"$888,616","$2,351,521",,,,,,"$1,248,865",https://www.basketball-reference.com/players/j/johnsst04.html
522,523,Stanley Johnson,LAL,"$888,616","$2,351,521",,,,,,"$1,248,865",https://www.basketball-reference.com/players/j/johnsst04.html
523,524,Stanley Johnson,LAL,"$888,616","$2,351,521",,,,,,"$1,248,865",https://www.basketball-reference.com/players/j/johnsst04.html
524,525,Stanley Johnson,CHI,"$888,616","$2,351,521",,,,,,"$120,083",https://www.basketball-reference.com/players/j/johnsst04.html
525,526,Marquese Chriss,DAL,"$958,529","$2,193,920",,,,,,"$3,486,820",https://www.basketball-reference.com/players/c/chrisma01.html
526,527,Marquese Chriss,DAL,"$958,529","$2,193,920",,,,,,"$3,486,820",https://www.basketball-reference.com/players/c/chrisma01.html
527,528,Marquese Chriss,DAL,"$958,529","$2,193,920",,,,,,"$3,486,820",https://www.basketball-reference.com/players/c/chrisma01.html
528,529,Danuel House Jr.,UTA,"$2,045,094",,,,,,,"$991,967",https://www.basketball-reference.com/players/h/houseda01.html
529,530,Danuel House Jr.,UTA,"$2,045,094",,,,,,,"$991,967",https://www.basketball-reference.com/players/h/houseda01.html
530,531,Danuel House Jr.,UTA,"$2,045,094",,,,,,,"$991,967",https://www.basketball-reference.com/players/h/houseda01.html
531,532,Danuel House Jr.,NYK,"$2,045,094",,,,,,,"$111,457",https://www.basketball-reference.com/players/h/houseda01.html
532,533,Nik Stauskas,MIA,,,,,,,,"$111,457",https://www.basketball-reference.com/players/s/stausni01.html
533,534,Ryan Arcidiacono,NYK,"$586,136",,,,,,,"$791,798",https://www.basketball-reference.com/players/a/arcidry01.html
534,535,Ryan Arcidiacono,NYK,"$586,136",,,,,,,"$791,798",https://www.basketball-reference.com/players/a/arcidry01.html
535,536,Luke Kornet,MIL,"$606,702",,,,,,,"$102,831",https://www.basketball-reference.com/players/k/kornelu01.html
536,537,Luke Kornet,CLE,"$606,702",,,,,,,"$102,831",https://www.basketball-reference.com/players/k/kornelu01.html
537,538,Alfonzo McKinnie,CHI,"$1,090,007",,,,,,,"$1,292,183",https://www.basketball-reference.com/players/m/mckinal01.html
538,539,Alfonzo McKinnie,CHI,"$1,090,007",,,,,,,"$1,292,183",https://www.basketball-reference.com/players/m/mckinal01.html
539,540,Jabari Parker,BOS,"$1,068,288",,,,,,,"$1,168,288",https://www.basketball-reference.com/players/p/parkeja01.html
540,541,Devin Cannady,ORL,"$100,000","$1,752,638","$1,902,137",,,,MLE,"$185,578",https://www.basketball-reference.com/players/c/cannade01.html
541,542,Drew Eubanks,POR,"$1,762,796",,,,,,,"$496,900",https://www.basketball-reference.com/players/e/eubandr01.html
542,543,Drew Eubanks,POR,"$1,762,796",,,,,,,"$496,900",https://www.basketball-reference.com/players/e/eubandr01.html
543,544,Drew Eubanks,POR,"$1,762,796",,,,,,,"$496,900",https://www.basketball-reference.com/players/e/eubandr01.html
544,545,Drew Eubanks,POR,"$1,762,796",,,,,,,"$496,900",https://www.basketball-reference.com/players/e/eubandr01.html
545,546,Drew Eubanks,POR,"$1,762,796",,,,,,,"$496,900",https://www.basketball-reference.com/players/e/eubandr01.html
546,547,Alize Johnson,NOP,"$705,598",,,,,,,"$198,760",https://www.basketball-reference.com/players/j/johnsal02.html
547,548,Alize Johnson,NOP,"$705,598",,,,,,,"$198,760",https://www.basketball-reference.com/players/j/johnsal02.html
548,549,Wenyen Gabriel,LAC,"$29,814","$1,878,720",,,,,,"$198,760",https://www.basketball-reference.com/players/g/gabriwe01.html
549,550,Wenyen Gabriel,LAC,"$29,814","$1,878,720",,,,,,"$198,760",https://www.basketball-reference.com/players/g/gabriwe01.html
550,551,Theo Pinson,DAL,,,,,,,,"$197,076",https://www.basketball-reference.com/players/p/pinsoth01.html
551,552,Brad Wanamaker,WAS,"$705,598",,,,,,,"$99,380",https://www.basketball-reference.com/players/w/wanambr01.html
552,553,Alize Johnson,WAS,"$705,598",,,,,,,"$99,380",https://www.basketball-reference.com/players/j/johnsal02.html
553,554,Wenyen Gabriel,NOP,"$29,814","$1,878,720",,,,,,"$99,380",https://www.basketball-reference.com/players/g/gabriwe01.html
554,555,Brandon Goodwin,CLE,,,,,,,,"$99,380",https://www.basketball-reference.com/players/g/goodwbr01.html
555,556,Wenyen Gabriel,BRK,"$29,814","$1,878,720",,,,,,"$99,380",https://www.basketball-reference.com/players/g/gabriwe01.html
556,557,Theo Pinson,DAL,,,,,,,,"$197,076",https://www.basketball-reference.com/players/p/pinsoth01.html
557,558,Davon Reed,DEN,,,,,,,,"$286,164",https://www.basketball-reference.com/players/r/reedda01.html
558,559,Davon Reed,DEN,,,,,,,,"$286,164",https://www.basketball-reference.com/players/r/reedda01.html
559,560,Moses Brown,CLE,"$1,720,779",,,,,,,"$211,046",https://www.basketball-reference.com/players/b/brownmo01.html
560,561,Moses Brown,CLE,"$1,720,779",,,,,,,"$211,046",https://www.basketball-reference.com/players/b/brownmo01.html
561,562,Kelan Martin,BOS,,,,,,,,"$191,860",https://www.basketball-reference.com/players/m/martike03.html
562,563,Kelan Martin,BOS,,,,,,,,"$191,860",https://www.basketball-reference.com/players/m/martike03.html
563,564,Juwan Morgan,BOS,"$19,186","$1,815,677",,,,,,"$115,116",https://www.basketball-reference.com/players/m/morgaju01.html
564,565,Juwan Morgan,TOR,"$19,186","$1,815,677",,,,,,"$95,930",https://www.basketball-reference.com/players/m/morgaju01.html
565,566,Charlie Brown Jr.,PHI,,,,,,,,"$95,930",https://www.basketball-reference.com/players/b/brownch02.html
566,567,Miye Oni,NOP,"$850,331",,,,,,,"$95,930",https://www.basketball-reference.com/players/o/onimi01.html
567,568,Jared Harper,NOP,,,,,,,,"$95,930",https://www.basketball-reference.com/players/h/harpeja01.html
568,569,Rayjon Tucker,MIN,"$28,779","$1,815,677","$1,968,182",,,,,"$95,930",https://www.basketball-reference.com/players/t/tuckera01.html
569,570,Quinndary Weatherspoon,GSW,,,,,,,,"$95,930",https://www.basketball-reference.com/players/w/weathqu01.html
570,571,Rayjon Tucker,DEN,"$28,779","$1,815,677","$1,968,182",,,,,"$95,930",https://www.basketball-reference.com/players/t/tuckera01.html
571,572,Charlie Brown Jr.,DAL,,,,,,,,"$95,930",https://www.basketball-reference.com/players/b/brownch02.html
572,573,Davon Reed,DEN,,,,,,,,"$286,164",https://www.basketball-reference.com/players/r/reedda01.html
573,574,Demetrius Jackson,BOS,"$92,857","$92,857","$92,857",,,,,"$278,571",https://www.basketball-reference.com/players/j/jacksde01.html
574,575,Haywood Highsmith,MIA,"$290,967","$1,752,638","$1,902,137",,,,,"$547,701",https://www.basketball-reference.com/players/h/highsha01.html
575,576,Haywood Highsmith,MIA,"$290,967","$1,752,638","$1,902,137",,,,,"$547,701",https://www.basketball-reference.com/players/h/highsha01.html
576,577,Haywood Highsmith,MIA,"$290,967","$1,752,638","$1,902,137",,,,,"$547,701",https://www.basketball-reference.com/players/h/highsha01.html
577,578,Malik Fitts,BOS,"$231,062","$1,752,638",,,,,,"$402,218",https://www.basketball-reference.com/players/f/fittsma01.html
578,579,Malik Fitts,BOS,"$231,062","$1,752,638",,,,,,"$402,218",https://www.basketball-reference.com/players/f/fittsma01.html
579,580,Armoni Brooks,TOR,"$1,625,991","$1,752,638",,,,,,"$308,082",https://www.basketball-reference.com/players/b/brookar01.html
580,581,Armoni Brooks,TOR,"$1,625,991","$1,752,638",,,,,,"$308,082",https://www.basketball-reference.com/players/b/brookar01.html
581,582,Devin Cannady,ORL,"$100,000","$1,752,638","$1,902,137",,,,,"$185,578",https://www.basketball-reference.com/players/c/cannade01.html
582,583,Admiral Schofield,ORL,,,,,,,,"$169,706",https://www.basketball-reference.com/players/s/schofad01.html
583,584,Anthony Lamb,SAS,,,,,,,,"$85,578",https://www.basketball-reference.com/players/l/lamban01.html
584,585,Tyrell Terry,MEM,"$1,517,981","$1,782,621",,,,,,"$85,578",https://www.basketball-reference.com/players/t/terryty01.html
585,586,Nate Hinton,IND,,,,,,,,"$85,578",https://www.basketball-reference.com/players/h/hintona01.html
586,587,Admiral Schofield,ORL,,,,,,,,"$169,706",https://www.basketball-reference.com/players/s/schofad01.html
587,588,Carsen Edwards,DET,"$76,744","$1,815,677",,,,,Minimum Salary,"$76,744",https://www.basketball-reference.com/players/e/edwarca01.html
588,589,RJ Nembhard Jr.,CLE,"$58,493",,,,,,,"$58,493",https://www.basketball-reference.com/players/n/nembhrj01.html
589,590,Greg Monroe,MIN,"$55,208",,,,,,Minimum Salary,"$193,227",https://www.basketball-reference.com/players/m/monrogr01.html
590,591,Xavier Moon,LAC,,,,,,,,"$159,528",https://www.basketball-reference.com/players/m/moonxa01.html
591,592,Xavier Moon,LAC,,,,,,,,"$159,528",https://www.basketball-reference.com/players/m/moonxa01.html
592,593,Xavier Moon,LAC,,,,,,,,"$159,528",https://www.basketball-reference.com/players/m/moonxa01.html
593,594,Mac McClung,CHI,,,,,,,,"$106,352",https://www.basketball-reference.com/players/m/mccluma01.html
594,595,Mac McClung,CHI,,,,,,,,"$106,352",https://www.basketball-reference.com/players/m/mccluma01.html
595,596,Jordan Schakel,WAS,,,,,,,,"$53,176",https://www.basketball-reference.com/players/s/schakjo01.html
596,597,Brandon Williams,POR,,,,,,,,"$53,176",https://www.basketball-reference.com/players/w/willibr03.html
597,598,Braxton Key,PHI,,,,,,,,"$53,176",https://www.basketball-reference.com/players/k/keybr01.html
598,599,Georgios Kalaitzakis,OKC,"$462,629",,,,,,,"$53,176",https://www.basketball-reference.com/players/k/kalaige01.html
599,600,Feron Hunt,NOP,,,,,,,,"$53,176",https://www.basketball-reference.com/players/h/huntfe01.html
600,601,Xavier Sneed,MEM,,,,,,,,"$53,176",https://www.basketball-reference.com/players/s/sneedxa01.html
601,602,Moses Wright,LAC,,,,,,,,"$53,176",https://www.basketball-reference.com/players/w/wrighmo01.html
602,603,Braxton Key,DET,,,,,,,,"$53,176",https://www.basketball-reference.com/players/k/keybr01.html
603,604,Malcolm Hill,CHI,,,,,,,,"$53,176",https://www.basketball-reference.com/players/h/hillma01.html
604,605,Chaundee Brown Jr.,ATL,,,,,,,,"$53,176",https://www.basketball-reference.com/players/b/brownch05.html
605,606,Malcolm Hill,ATL,,,,,,,,"$53,176",https://www.basketball-reference.com/players/h/hillma01.html
606,607,Luca Vildoza,MIL,"$51,347","$1,752,638",,,,,Minimum Salary,"$51,347",https://www.basketball-reference.com/players/v/vildolu01.html
607,608,Skylar Mays,ATL,"$34,231",,,,,,Minimum Salary,"$34,231",https://www.basketball-reference.com/players/m/mayssk01.html
608,609,Wenyen Gabriel,LAL,"$29,814","$1,878,720",,,,,Minimum Salary,"$29,814",https://www.basketball-reference.com/players/g/gabriwe01.html
609,610,Rayjon Tucker,MIL,"$28,779","$1,815,677","$1,968,182",,,,MLE,"$28,779",https://www.basketball-reference.com/players/t/tuckera01.html
610,611,Terry Taylor,IND,"$21,270","$1,563,518",,,,,Minimum Salary,"$21,270",https://www.basketball-reference.com/players/t/taylote01.html
611,612,Duane Washington Jr.,IND,"$21,270","$1,563,518",,,,,Minimum Salary,"$21,270",https://www.basketball-reference.com/players/w/washidu02.html
612,613,Moses Brown,CLE,"$1,720,779",,,,,,Minimum Salary,"$211,046",https://www.basketball-reference.com/players/b/brownmo01.html
613,614,Juwan Morgan,BOS,"$19,186","$1,815,677",,,,,Minimum Salary,"$115,116",https://www.basketball-reference.com/players/m/morgaju01.html
614,615,Trent Forrest,UTA,"$8,558",,,,,,Minimum Salary,"$8,558",https://www.basketball-reference.com/players/f/forretr01.html
615,616,Ish Wainright,PHO,"$8,558",,,,,,Minimum Salary,"$8,558",https://www.basketball-reference.com/players/w/wainris01.html
616,617,Kessler Edwards,BRK,"$5,318","$1,563,518",,,,,Minimum Salary,"$5,318",https://www.basketball-reference.com/players/e/edwarke02.html
